statsDataId,観測値,Ａ　人口・世帯,地域,調査年,単位,値
0000010101,00001,A1101,00000,2024100000,人,123802000
0000010101,00001,A1101,01000,2024100000,人,5043000
0000010101,00001,A1101,02000,2024100000,人,1165000
0000010101,00001,A1101,03000,2024100000,人,1145000
0000010101,00001,A1101,04000,2024100000,人,2248000
0000010101,00001,A1101,05000,2024100000,人,897000
0000010101,00001,A1101,06000,2024100000,人,1011000
0000010101,00001,A1101,07000,2024100000,人,1743000
0000010101,00001,A1101,08000,2024100000,人,2806000
0000010101,00001,A1101,09000,2024100000,人,1885000
0000010101,00001,A1101,10000,2024100000,人,1890000
0000010101,00001,A1101,11000,2024100000,人,7332000
0000010101,00001,A1101,12000,2024100000,人,6251000
0000010101,00001,A1101,13000,2024100000,人,14178000
0000010101,00001,A1101,14000,2024100000,人,9225000
0000010101,00001,A1101,15000,2024100000,人,2099000
0000010101,00001,A1101,16000,2024100000,人,997000
0000010101,00001,A1101,17000,2024100000,人,1098000
0000010101,00001,A1101,18000,2024100000,人,739000
0000010101,00001,A1101,19000,2024100000,人,791000
0000010101,00001,A1101,20000,2024100000,人,1987000
0000010101,00001,A1101,21000,2024100000,人,1916000
0000010101,00001,A1101,22000,2024100000,人,3527000
0000010101,00001,A1101,23000,2024100000,人,7460000
0000010101,00001,A1101,24000,2024100000,人,1711000
0000010101,00001,A1101,25000,2024100000,人,1402000
0000010101,00001,A1101,26000,2024100000,人,2520000
0000010101,00001,A1101,27000,2024100000,人,8757000
0000010101,00001,A1101,28000,2024100000,人,5337000
0000010101,00001,A1101,29000,2024100000,人,1285000
0000010101,00001,A1101,30000,2024100000,人,880000
0000010101,00001,A1101,31000,2024100000,人,531000
0000010101,00001,A1101,32000,2024100000,人,642000
0000010101,00001,A1101,33000,2024100000,人,1831000
0000010101,00001,A1101,34000,2024100000,人,2714000
0000010101,00001,A1101,35000,2024100000,人,1281000
0000010101,00001,A1101,36000,2024100000,人,685000
0000010101,00001,A1101,37000,2024100000,人,917000
0000010101,00001,A1101,38000,2024100000,人,1276000
0000010101,00001,A1101,39000,2024100000,人,656000
0000010101,00001,A1101,40000,2024100000,人,5092000
0000010101,00001,A1101,41000,2024100000,人,788000
0000010101,00001,A1101,42000,2024100000,人,1252000
0000010101,00001,A1101,43000,2024100000,人,1697000
0000010101,00001,A1101,44000,2024100000,人,1085000
0000010101,00001,A1101,45000,2024100000,人,1033000
0000010101,00001,A1101,46000,2024100000,人,1532000
0000010101,00001,A1101,47000,2024100000,人,1466000
0000010101,00001,A110101,00000,2024100000,人,60233000
0000010101,00001,A110101,01000,2024100000,人,2382000
0000010101,00001,A110101,02000,2024100000,人,549000
0000010101,00001,A110101,03000,2024100000,人,553000
0000010101,00001,A110101,04000,2024100000,人,1096000
0000010101,00001,A110101,05000,2024100000,人,424000
0000010101,00001,A110101,06000,2024100000,人,491000
0000010101,00001,A110101,07000,2024100000,人,861000
0000010101,00001,A110101,08000,2024100000,人,1404000
0000010101,00001,A110101,09000,2024100000,人,942000
0000010101,00001,A110101,10000,2024100000,人,937000
0000010101,00001,A110101,11000,2024100000,人,3640000
0000010101,00001,A110101,12000,2024100000,人,3094000
0000010101,00001,A110101,13000,2024100000,人,6960000
0000010101,00001,A110101,14000,2024100000,人,4576000
0000010101,00001,A110101,15000,2024100000,人,1021000
0000010101,00001,A110101,16000,2024100000,人,486000
0000010101,00001,A110101,17000,2024100000,人,534000
0000010101,00001,A110101,18000,2024100000,人,361000
0000010101,00001,A110101,19000,2024100000,人,389000
0000010101,00001,A110101,20000,2024100000,人,973000
0000010101,00001,A110101,21000,2024100000,人,930000
0000010101,00001,A110101,22000,2024100000,人,1740000
0000010101,00001,A110101,23000,2024100000,人,3717000
0000010101,00001,A110101,24000,2024100000,人,837000
0000010101,00001,A110101,25000,2024100000,人,693000
0000010101,00001,A110101,26000,2024100000,人,1203000
0000010101,00001,A110101,27000,2024100000,人,4185000
0000010101,00001,A110101,28000,2024100000,人,2535000
0000010101,00001,A110101,29000,2024100000,人,604000
0000010101,00001,A110101,30000,2024100000,人,415000
0000010101,00001,A110101,31000,2024100000,人,254000
0000010101,00001,A110101,32000,2024100000,人,311000
0000010101,00001,A110101,33000,2024100000,人,882000
0000010101,00001,A110101,34000,2024100000,人,1318000
0000010101,00001,A110101,35000,2024100000,人,610000
0000010101,00001,A110101,36000,2024100000,人,328000
0000010101,00001,A110101,37000,2024100000,人,444000
0000010101,00001,A110101,38000,2024100000,人,606000
0000010101,00001,A110101,39000,2024100000,人,311000
0000010101,00001,A110101,40000,2024100000,人,2413000
0000010101,00001,A110101,41000,2024100000,人,375000
0000010101,00001,A110101,42000,2024100000,人,591000
0000010101,00001,A110101,43000,2024100000,人,806000
0000010101,00001,A110101,44000,2024100000,人,517000
0000010101,00001,A110101,45000,2024100000,人,488000
0000010101,00001,A110101,46000,2024100000,人,724000
0000010101,00001,A110101,47000,2024100000,人,722000
0000010101,00001,A110102,00000,2024100000,人,63569000
0000010101,00001,A110102,01000,2024100000,人,2661000
0000010101,00001,A110102,02000,2024100000,人,615000
0000010101,00001,A110102,03000,2024100000,人,592000
0000010101,00001,A110102,04000,2024100000,人,1152000
0000010101,00001,A110102,05000,2024100000,人,473000
0000010101,00001,A110102,06000,2024100000,人,520000
0000010101,00001,A110102,07000,2024100000,人,881000
0000010101,00001,A110102,08000,2024100000,人,1403000
0000010101,00001,A110102,09000,2024100000,人,942000
0000010101,00001,A110102,10000,2024100000,人,953000
0000010101,00001,A110102,11000,2024100000,人,3691000
0000010101,00001,A110102,12000,2024100000,人,3158000
0000010101,00001,A110102,13000,2024100000,人,7218000
0000010101,00001,A110102,14000,2024100000,人,4649000
0000010101,00001,A110102,15000,2024100000,人,1078000
0000010101,00001,A110102,16000,2024100000,人,511000
0000010101,00001,A110102,17000,2024100000,人,564000
0000010101,00001,A110102,18000,2024100000,人,377000
0000010101,00001,A110102,19000,2024100000,人,402000
0000010101,00001,A110102,20000,2024100000,人,1014000
0000010101,00001,A110102,21000,2024100000,人,985000
0000010101,00001,A110102,22000,2024100000,人,1787000
0000010101,00001,A110102,23000,2024100000,人,3742000
0000010101,00001,A110102,24000,2024100000,人,874000
0000010101,00001,A110102,25000,2024100000,人,710000
0000010101,00001,A110102,26000,2024100000,人,1317000
0000010101,00001,A110102,27000,2024100000,人,4572000
0000010101,00001,A110102,28000,2024100000,人,2802000
0000010101,00001,A110102,29000,2024100000,人,681000
0000010101,00001,A110102,30000,2024100000,人,465000
0000010101,00001,A110102,31000,2024100000,人,277000
0000010101,00001,A110102,32000,2024100000,人,331000
0000010101,00001,A110102,33000,2024100000,人,950000
0000010101,00001,A110102,34000,2024100000,人,1396000
0000010101,00001,A110102,35000,2024100000,人,671000
0000010101,00001,A110102,36000,2024100000,人,358000
0000010101,00001,A110102,37000,2024100000,人,473000
0000010101,00001,A110102,38000,2024100000,人,669000
0000010101,00001,A110102,39000,2024100000,人,345000
0000010101,00001,A110102,40000,2024100000,人,2678000
0000010101,00001,A110102,41000,2024100000,人,414000
0000010101,00001,A110102,42000,2024100000,人,661000
0000010101,00001,A110102,43000,2024100000,人,891000
0000010101,00001,A110102,44000,2024100000,人,568000
0000010101,00001,A110102,45000,2024100000,人,545000
0000010101,00001,A110102,46000,2024100000,人,807000
0000010101,00001,A110102,47000,2024100000,人,744000
0000010101,00001,A1102,00000,2024100000,人,120296000
0000010101,00001,A1102,01000,2024100000,人,4980000
0000010101,00001,A1102,02000,2024100000,人,1157000
0000010101,00001,A1102,03000,2024100000,人,1134000
0000010101,00001,A1102,04000,2024100000,人,2219000
0000010101,00001,A1102,05000,2024100000,人,891000
0000010101,00001,A1102,06000,2024100000,人,1001000
0000010101,00001,A1102,07000,2024100000,人,1724000
0000010101,00001,A1102,08000,2024100000,人,2716000
0000010101,00001,A1102,09000,2024100000,人,1830000
0000010101,00001,A1102,10000,2024100000,人,1811000
0000010101,00001,A1102,11000,2024100000,人,7083000
0000010101,00001,A1102,12000,2024100000,人,6057000
0000010101,00001,A1102,13000,2024100000,人,13463000
0000010101,00001,A1102,14000,2024100000,人,8941000
0000010101,00001,A1102,15000,2024100000,人,2078000
0000010101,00001,A1102,16000,2024100000,人,974000
0000010101,00001,A1102,17000,2024100000,人,1079000
0000010101,00001,A1102,18000,2024100000,人,721000
0000010101,00001,A1102,19000,2024100000,人,769000
0000010101,00001,A1102,20000,2024100000,人,1945000
0000010101,00001,A1102,21000,2024100000,人,1846000
0000010101,00001,A1102,22000,2024100000,人,3411000
0000010101,00001,A1102,23000,2024100000,人,7160000
0000010101,00001,A1102,24000,2024100000,人,1649000
0000010101,00001,A1102,25000,2024100000,人,1360000
0000010101,00001,A1102,26000,2024100000,人,2441000
0000010101,00001,A1102,27000,2024100000,人,8453000
0000010101,00001,A1102,28000,2024100000,人,5204000
0000010101,00001,A1102,29000,2024100000,人,1267000
0000010101,00001,A1102,30000,2024100000,人,871000
0000010101,00001,A1102,31000,2024100000,人,525000
0000010101,00001,A1102,32000,2024100000,人,631000
0000010101,00001,A1102,33000,2024100000,人,1795000
0000010101,00001,A1102,34000,2024100000,人,2655000
0000010101,00001,A1102,35000,2024100000,人,1260000
0000010101,00001,A1102,36000,2024100000,人,678000
0000010101,00001,A1102,37000,2024100000,人,899000
0000010101,00001,A1102,38000,2024100000,人,1259000
0000010101,00001,A1102,39000,2024100000,人,649000
0000010101,00001,A1102,40000,2024100000,人,4989000
0000010101,00001,A1102,41000,2024100000,人,777000
0000010101,00001,A1102,42000,2024100000,人,1237000
0000010101,00001,A1102,43000,2024100000,人,1669000
0000010101,00001,A1102,44000,2024100000,人,1066000
0000010101,00001,A1102,45000,2024100000,人,1021000
0000010101,00001,A1102,46000,2024100000,人,1513000
0000010101,00001,A1102,47000,2024100000,人,1437000
0000010101,00001,A110201,00000,2024100000,人,58450000
0000010101,00001,A110201,01000,2024100000,人,2351000
0000010101,00001,A110201,02000,2024100000,人,546000
0000010101,00001,A110201,03000,2024100000,人,548000
0000010101,00001,A110201,04000,2024100000,人,1082000
0000010101,00001,A110201,05000,2024100000,人,422000
0000010101,00001,A110201,06000,2024100000,人,487000
0000010101,00001,A110201,07000,2024100000,人,853000
0000010101,00001,A110201,08000,2024100000,人,1355000
0000010101,00001,A110201,09000,2024100000,人,914000
0000010101,00001,A110201,10000,2024100000,人,894000
0000010101,00001,A110201,11000,2024100000,人,3509000
0000010101,00001,A110201,12000,2024100000,人,2998000
0000010101,00001,A110201,13000,2024100000,人,6599000
0000010101,00001,A110201,14000,2024100000,人,4430000
0000010101,00001,A110201,15000,2024100000,人,1011000
0000010101,00001,A110201,16000,2024100000,人,474000
0000010101,00001,A110201,17000,2024100000,人,523000
0000010101,00001,A110201,18000,2024100000,人,353000
0000010101,00001,A110201,19000,2024100000,人,378000
0000010101,00001,A110201,20000,2024100000,人,953000
0000010101,00001,A110201,21000,2024100000,人,896000
0000010101,00001,A110201,22000,2024100000,人,1682000
0000010101,00001,A110201,23000,2024100000,人,3565000
0000010101,00001,A110201,24000,2024100000,人,804000
0000010101,00001,A110201,25000,2024100000,人,669000
0000010101,00001,A110201,26000,2024100000,人,1162000
0000010101,00001,A110201,27000,2024100000,人,4032000
0000010101,00001,A110201,28000,2024100000,人,2468000
0000010101,00001,A110201,29000,2024100000,人,595000
0000010101,00001,A110201,30000,2024100000,人,411000
0000010101,00001,A110201,31000,2024100000,人,252000
0000010101,00001,A110201,32000,2024100000,人,306000
0000010101,00001,A110201,33000,2024100000,人,863000
0000010101,00001,A110201,34000,2024100000,人,1286000
0000010101,00001,A110201,35000,2024100000,人,599000
0000010101,00001,A110201,36000,2024100000,人,325000
0000010101,00001,A110201,37000,2024100000,人,434000
0000010101,00001,A110201,38000,2024100000,人,597000
0000010101,00001,A110201,39000,2024100000,人,307000
0000010101,00001,A110201,40000,2024100000,人,2359000
0000010101,00001,A110201,41000,2024100000,人,369000
0000010101,00001,A110201,42000,2024100000,人,583000
0000010101,00001,A110201,43000,2024100000,人,793000
0000010101,00001,A110201,44000,2024100000,人,507000
0000010101,00001,A110201,45000,2024100000,人,483000
0000010101,00001,A110201,46000,2024100000,人,717000
0000010101,00001,A110201,47000,2024100000,人,705000
0000010101,00001,A110202,00000,2024100000,人,61846000
0000010101,00001,A110202,01000,2024100000,人,2629000
0000010101,00001,A110202,02000,2024100000,人,611000
0000010101,00001,A110202,03000,2024100000,人,586000
0000010101,00001,A110202,04000,2024100000,人,1137000
0000010101,00001,A110202,05000,2024100000,人,469000
0000010101,00001,A110202,06000,2024100000,人,514000
0000010101,00001,A110202,07000,2024100000,人,872000
0000010101,00001,A110202,08000,2024100000,人,1362000
0000010101,00001,A110202,09000,2024100000,人,916000
0000010101,00001,A110202,10000,2024100000,人,917000
0000010101,00001,A110202,11000,2024100000,人,3574000
0000010101,00001,A110202,12000,2024100000,人,3059000
0000010101,00001,A110202,13000,2024100000,人,6864000
0000010101,00001,A110202,14000,2024100000,人,4512000
0000010101,00001,A110202,15000,2024100000,人,1066000
0000010101,00001,A110202,16000,2024100000,人,500000
0000010101,00001,A110202,17000,2024100000,人,556000
0000010101,00001,A110202,18000,2024100000,人,368000
0000010101,00001,A110202,19000,2024100000,人,391000
0000010101,00001,A110202,20000,2024100000,人,992000
0000010101,00001,A110202,21000,2024100000,人,950000
0000010101,00001,A110202,22000,2024100000,人,1729000
0000010101,00001,A110202,23000,2024100000,人,3595000
0000010101,00001,A110202,24000,2024100000,人,845000
0000010101,00001,A110202,25000,2024100000,人,691000
0000010101,00001,A110202,26000,2024100000,人,1279000
0000010101,00001,A110202,27000,2024100000,人,4421000
0000010101,00001,A110202,28000,2024100000,人,2737000
0000010101,00001,A110202,29000,2024100000,人,672000
0000010101,00001,A110202,30000,2024100000,人,460000
0000010101,00001,A110202,31000,2024100000,人,273000
0000010101,00001,A110202,32000,2024100000,人,325000
0000010101,00001,A110202,33000,2024100000,人,932000
0000010101,00001,A110202,34000,2024100000,人,1369000
0000010101,00001,A110202,35000,2024100000,人,661000
0000010101,00001,A110202,36000,2024100000,人,353000
0000010101,00001,A110202,37000,2024100000,人,465000
0000010101,00001,A110202,38000,2024100000,人,661000
0000010101,00001,A110202,39000,2024100000,人,342000
0000010101,00001,A110202,40000,2024100000,人,2630000
0000010101,00001,A110202,41000,2024100000,人,408000
0000010101,00001,A110202,42000,2024100000,人,654000
0000010101,00001,A110202,43000,2024100000,人,877000
0000010101,00001,A110202,44000,2024100000,人,559000
0000010101,00001,A110202,45000,2024100000,人,538000
0000010101,00001,A110202,46000,2024100000,人,796000
0000010101,00001,A110202,47000,2024100000,人,732000
0000010101,00001,A1201,00000,2024100000,人,3934000
0000010101,00001,A1201,01000,2024100000,人,134000
0000010101,00001,A1201,02000,2024100000,人,30000
0000010101,00001,A1201,03000,2024100000,人,30000
0000010101,00001,A1201,04000,2024100000,人,66000
0000010101,00001,A1201,05000,2024100000,人,20000
0000010101,00001,A1201,06000,2024100000,人,28000
0000010101,00001,A1201,07000,2024100000,人,49000
0000010101,00001,A1201,08000,2024100000,人,84000
0000010101,00001,A1201,09000,2024100000,人,55000
0000010101,00001,A1201,10000,2024100000,人,56000
0000010101,00001,A1201,11000,2024100000,人,234000
0000010101,00001,A1201,12000,2024100000,人,199000
0000010101,00001,A1201,13000,2024100000,人,447000
0000010101,00001,A1201,14000,2024100000,人,290000
0000010101,00001,A1201,15000,2024100000,人,59000
0000010101,00001,A1201,16000,2024100000,人,30000
0000010101,00001,A1201,17000,2024100000,人,35000
0000010101,00001,A1201,18000,2024100000,人,25000
0000010101,00001,A1201,19000,2024100000,人,24000
0000010101,00001,A1201,20000,2024100000,人,62000
0000010101,00001,A1201,21000,2024100000,人,59000
0000010101,00001,A1201,22000,2024100000,人,106000
0000010101,00001,A1201,23000,2024100000,人,262000
0000010101,00001,A1201,24000,2024100000,人,54000
0000010101,00001,A1201,25000,2024100000,人,51000
0000010101,00001,A1201,26000,2024100000,人,75000
0000010101,00001,A1201,27000,2024100000,人,290000
0000010101,00001,A1201,28000,2024100000,人,175000
0000010101,00001,A1201,29000,2024100000,人,39000
0000010101,00001,A1201,30000,2024100000,人,27000
0000010101,00001,A1201,31000,2024100000,人,18000
0000010101,00001,A1201,32000,2024100000,人,21000
0000010101,00001,A1201,33000,2024100000,人,62000
0000010101,00001,A1201,34000,2024100000,人,90000
0000010101,00001,A1201,35000,2024100000,人,38000
0000010101,00001,A1201,36000,2024100000,人,20000
0000010101,00001,A1201,37000,2024100000,人,29000
0000010101,00001,A1201,38000,2024100000,人,38000
0000010101,00001,A1201,39000,2024100000,人,18000
0000010101,00001,A1201,40000,2024100000,人,183000
0000010101,00001,A1201,41000,2024100000,人,28000
0000010101,00001,A1201,42000,2024100000,人,41000
0000010101,00001,A1201,43000,2024100000,人,61000
0000010101,00001,A1201,44000,2024100000,人,34000
0000010101,00001,A1201,45000,2024100000,人,36000
0000010101,00001,A1201,46000,2024100000,人,53000
0000010101,00001,A1201,47000,2024100000,人,69000
0000010101,00001,A120101,00000,2024100000,人,2015000
0000010101,00001,A120101,01000,2024100000,人,69000
0000010101,00001,A120101,02000,2024100000,人,16000
0000010101,00001,A120101,03000,2024100000,人,15000
0000010101,00001,A120101,04000,2024100000,人,34000
0000010101,00001,A120101,05000,2024100000,人,10000
0000010101,00001,A120101,06000,2024100000,人,14000
0000010101,00001,A120101,07000,2024100000,人,25000
0000010101,00001,A120101,08000,2024100000,人,43000
0000010101,00001,A120101,09000,2024100000,人,28000
0000010101,00001,A120101,10000,2024100000,人,29000
0000010101,00001,A120101,11000,2024100000,人,120000
0000010101,00001,A120101,12000,2024100000,人,102000
0000010101,00001,A120101,13000,2024100000,人,229000
0000010101,00001,A120101,14000,2024100000,人,149000
0000010101,00001,A120101,15000,2024100000,人,30000
0000010101,00001,A120101,16000,2024100000,人,15000
0000010101,00001,A120101,17000,2024100000,人,18000
0000010101,00001,A120101,18000,2024100000,人,13000
0000010101,00001,A120101,19000,2024100000,人,12000
0000010101,00001,A120101,20000,2024100000,人,32000
0000010101,00001,A120101,21000,2024100000,人,30000
0000010101,00001,A120101,22000,2024100000,人,54000
0000010101,00001,A120101,23000,2024100000,人,134000
0000010101,00001,A120101,24000,2024100000,人,28000
0000010101,00001,A120101,25000,2024100000,人,26000
0000010101,00001,A120101,26000,2024100000,人,38000
0000010101,00001,A120101,27000,2024100000,人,149000
0000010101,00001,A120101,28000,2024100000,人,89000
0000010101,00001,A120101,29000,2024100000,人,20000
0000010101,00001,A120101,30000,2024100000,人,14000
0000010101,00001,A120101,31000,2024100000,人,9000
0000010101,00001,A120101,32000,2024100000,人,11000
0000010101,00001,A120101,33000,2024100000,人,32000
0000010101,00001,A120101,34000,2024100000,人,46000
0000010101,00001,A120101,35000,2024100000,人,19000
0000010101,00001,A120101,36000,2024100000,人,11000
0000010101,00001,A120101,37000,2024100000,人,15000
0000010101,00001,A120101,38000,2024100000,人,19000
0000010101,00001,A120101,39000,2024100000,人,9000
0000010101,00001,A120101,40000,2024100000,人,94000
0000010101,00001,A120101,41000,2024100000,人,15000
0000010101,00001,A120101,42000,2024100000,人,21000
0000010101,00001,A120101,43000,2024100000,人,31000
0000010101,00001,A120101,44000,2024100000,人,18000
0000010101,00001,A120101,45000,2024100000,人,18000
0000010101,00001,A120101,46000,2024100000,人,27000
0000010101,00001,A120101,47000,2024100000,人,35000
0000010101,00001,A120102,00000,2024100000,人,1920000
0000010101,00001,A120102,01000,2024100000,人,66000
0000010101,00001,A120102,02000,2024100000,人,15000
0000010101,00001,A120102,03000,2024100000,人,14000
0000010101,00001,A120102,04000,2024100000,人,32000
0000010101,00001,A120102,05000,2024100000,人,10000
0000010101,00001,A120102,06000,2024100000,人,14000
0000010101,00001,A120102,07000,2024100000,人,24000
0000010101,00001,A120102,08000,2024100000,人,41000
0000010101,00001,A120102,09000,2024100000,人,27000
0000010101,00001,A120102,10000,2024100000,人,28000
0000010101,00001,A120102,11000,2024100000,人,114000
0000010101,00001,A120102,12000,2024100000,人,97000
0000010101,00001,A120102,13000,2024100000,人,219000
0000010101,00001,A120102,14000,2024100000,人,142000
0000010101,00001,A120102,15000,2024100000,人,29000
0000010101,00001,A120102,16000,2024100000,人,15000
0000010101,00001,A120102,17000,2024100000,人,17000
0000010101,00001,A120102,18000,2024100000,人,12000
0000010101,00001,A120102,19000,2024100000,人,12000
0000010101,00001,A120102,20000,2024100000,人,30000
0000010101,00001,A120102,21000,2024100000,人,29000
0000010101,00001,A120102,22000,2024100000,人,51000
0000010101,00001,A120102,23000,2024100000,人,127000
0000010101,00001,A120102,24000,2024100000,人,26000
0000010101,00001,A120102,25000,2024100000,人,25000
0000010101,00001,A120102,26000,2024100000,人,36000
0000010101,00001,A120102,27000,2024100000,人,141000
0000010101,00001,A120102,28000,2024100000,人,86000
0000010101,00001,A120102,29000,2024100000,人,19000
0000010101,00001,A120102,30000,2024100000,人,13000
0000010101,00001,A120102,31000,2024100000,人,9000
0000010101,00001,A120102,32000,2024100000,人,10000
0000010101,00001,A120102,33000,2024100000,人,30000
0000010101,00001,A120102,34000,2024100000,人,43000
0000010101,00001,A120102,35000,2024100000,人,19000
0000010101,00001,A120102,36000,2024100000,人,10000
0000010101,00001,A120102,37000,2024100000,人,14000
0000010101,00001,A120102,38000,2024100000,人,18000
0000010101,00001,A120102,39000,2024100000,人,9000
0000010101,00001,A120102,40000,2024100000,人,90000
0000010101,00001,A120102,41000,2024100000,人,14000
0000010101,00001,A120102,42000,2024100000,人,20000
0000010101,00001,A120102,43000,2024100000,人,30000
0000010101,00001,A120102,44000,2024100000,人,17000
0000010101,00001,A120102,45000,2024100000,人,18000
0000010101,00001,A120102,46000,2024100000,人,26000
0000010101,00001,A120102,47000,2024100000,人,34000
0000010101,00001,A1202,00000,2024100000,人,4710000
0000010101,00001,A1202,01000,2024100000,人,170000
0000010101,00001,A1202,02000,2024100000,人,39000
0000010101,00001,A1202,03000,2024100000,人,39000
0000010101,00001,A1202,04000,2024100000,人,84000
0000010101,00001,A1202,05000,2024100000,人,27000
0000010101,00001,A1202,06000,2024100000,人,36000
0000010101,00001,A1202,07000,2024100000,人,64000
0000010101,00001,A1202,08000,2024100000,人,103000
0000010101,00001,A1202,09000,2024100000,人,70000
0000010101,00001,A1202,10000,2024100000,人,69000
0000010101,00001,A1202,11000,2024100000,人,278000
0000010101,00001,A1202,12000,2024100000,人,235000
0000010101,00001,A1202,13000,2024100000,人,518000
0000010101,00001,A1202,14000,2024100000,人,343000
0000010101,00001,A1202,15000,2024100000,人,75000
0000010101,00001,A1202,16000,2024100000,人,36000
0000010101,00001,A1202,17000,2024100000,人,42000
0000010101,00001,A1202,18000,2024100000,人,29000
0000010101,00001,A1202,19000,2024100000,人,29000
0000010101,00001,A1202,20000,2024100000,人,75000
0000010101,00001,A1202,21000,2024100000,人,73000
0000010101,00001,A1202,22000,2024100000,人,133000
0000010101,00001,A1202,23000,2024100000,人,309000
0000010101,00001,A1202,24000,2024100000,人,65000
0000010101,00001,A1202,25000,2024100000,人,60000
0000010101,00001,A1202,26000,2024100000,人,91000
0000010101,00001,A1202,27000,2024100000,人,325000
0000010101,00001,A1202,28000,2024100000,人,208000
0000010101,00001,A1202,29000,2024100000,人,48000
0000010101,00001,A1202,30000,2024100000,人,32000
0000010101,00001,A1202,31000,2024100000,人,22000
0000010101,00001,A1202,32000,2024100000,人,26000
0000010101,00001,A1202,33000,2024100000,人,72000
0000010101,00001,A1202,34000,2024100000,人,109000
0000010101,00001,A1202,35000,2024100000,人,47000
0000010101,00001,A1202,36000,2024100000,人,24000
0000010101,00001,A1202,37000,2024100000,人,35000
0000010101,00001,A1202,38000,2024100000,人,47000
0000010101,00001,A1202,39000,2024100000,人,23000
0000010101,00001,A1202,40000,2024100000,人,216000
0000010101,00001,A1202,41000,2024100000,人,34000
0000010101,00001,A1202,42000,2024100000,人,51000
0000010101,00001,A1202,43000,2024100000,人,73000
0000010101,00001,A1202,44000,2024100000,人,42000
0000010101,00001,A1202,45000,2024100000,人,44000
0000010101,00001,A1202,46000,2024100000,人,65000
0000010101,00001,A1202,47000,2024100000,人,80000
0000010101,00001,A120201,00000,2024100000,人,2412000
0000010101,00001,A120201,01000,2024100000,人,87000
0000010101,00001,A120201,02000,2024100000,人,20000
0000010101,00001,A120201,03000,2024100000,人,20000
0000010101,00001,A120201,04000,2024100000,人,43000
0000010101,00001,A120201,05000,2024100000,人,14000
0000010101,00001,A120201,06000,2024100000,人,18000
0000010101,00001,A120201,07000,2024100000,人,32000
0000010101,00001,A120201,08000,2024100000,人,53000
0000010101,00001,A120201,09000,2024100000,人,36000
0000010101,00001,A120201,10000,2024100000,人,35000
0000010101,00001,A120201,11000,2024100000,人,142000
0000010101,00001,A120201,12000,2024100000,人,120000
0000010101,00001,A120201,13000,2024100000,人,264000
0000010101,00001,A120201,14000,2024100000,人,175000
0000010101,00001,A120201,15000,2024100000,人,38000
0000010101,00001,A120201,16000,2024100000,人,18000
0000010101,00001,A120201,17000,2024100000,人,22000
0000010101,00001,A120201,18000,2024100000,人,15000
0000010101,00001,A120201,19000,2024100000,人,15000
0000010101,00001,A120201,20000,2024100000,人,39000
0000010101,00001,A120201,21000,2024100000,人,38000
0000010101,00001,A120201,22000,2024100000,人,68000
0000010101,00001,A120201,23000,2024100000,人,158000
0000010101,00001,A120201,24000,2024100000,人,33000
0000010101,00001,A120201,25000,2024100000,人,31000
0000010101,00001,A120201,26000,2024100000,人,47000
0000010101,00001,A120201,27000,2024100000,人,166000
0000010101,00001,A120201,28000,2024100000,人,107000
0000010101,00001,A120201,29000,2024100000,人,25000
0000010101,00001,A120201,30000,2024100000,人,17000
0000010101,00001,A120201,31000,2024100000,人,11000
0000010101,00001,A120201,32000,2024100000,人,13000
0000010101,00001,A120201,33000,2024100000,人,37000
0000010101,00001,A120201,34000,2024100000,人,56000
0000010101,00001,A120201,35000,2024100000,人,24000
0000010101,00001,A120201,36000,2024100000,人,12000
0000010101,00001,A120201,37000,2024100000,人,18000
0000010101,00001,A120201,38000,2024100000,人,24000
0000010101,00001,A120201,39000,2024100000,人,12000
0000010101,00001,A120201,40000,2024100000,人,110000
0000010101,00001,A120201,41000,2024100000,人,18000
0000010101,00001,A120201,42000,2024100000,人,26000
0000010101,00001,A120201,43000,2024100000,人,37000
0000010101,00001,A120201,44000,2024100000,人,21000
0000010101,00001,A120201,45000,2024100000,人,22000
0000010101,00001,A120201,46000,2024100000,人,33000
0000010101,00001,A120201,47000,2024100000,人,41000
0000010101,00001,A120202,00000,2024100000,人,2298000
0000010101,00001,A120202,01000,2024100000,人,83000
0000010101,00001,A120202,02000,2024100000,人,19000
0000010101,00001,A120202,03000,2024100000,人,19000
0000010101,00001,A120202,04000,2024100000,人,41000
0000010101,00001,A120202,05000,2024100000,人,13000
0000010101,00001,A120202,06000,2024100000,人,17000
0000010101,00001,A120202,07000,2024100000,人,32000
0000010101,00001,A120202,08000,2024100000,人,50000
0000010101,00001,A120202,09000,2024100000,人,34000
0000010101,00001,A120202,10000,2024100000,人,34000
0000010101,00001,A120202,11000,2024100000,人,136000
0000010101,00001,A120202,12000,2024100000,人,114000
0000010101,00001,A120202,13000,2024100000,人,254000
0000010101,00001,A120202,14000,2024100000,人,168000
0000010101,00001,A120202,15000,2024100000,人,36000
0000010101,00001,A120202,16000,2024100000,人,17000
0000010101,00001,A120202,17000,2024100000,人,21000
0000010101,00001,A120202,18000,2024100000,人,14000
0000010101,00001,A120202,19000,2024100000,人,14000
0000010101,00001,A120202,20000,2024100000,人,37000
0000010101,00001,A120202,21000,2024100000,人,36000
0000010101,00001,A120202,22000,2024100000,人,64000
0000010101,00001,A120202,23000,2024100000,人,150000
0000010101,00001,A120202,24000,2024100000,人,32000
0000010101,00001,A120202,25000,2024100000,人,29000
0000010101,00001,A120202,26000,2024100000,人,44000
0000010101,00001,A120202,27000,2024100000,人,159000
0000010101,00001,A120202,28000,2024100000,人,101000
0000010101,00001,A120202,29000,2024100000,人,23000
0000010101,00001,A120202,30000,2024100000,人,16000
0000010101,00001,A120202,31000,2024100000,人,10000
0000010101,00001,A120202,32000,2024100000,人,12000
0000010101,00001,A120202,33000,2024100000,人,35000
0000010101,00001,A120202,34000,2024100000,人,53000
0000010101,00001,A120202,35000,2024100000,人,23000
0000010101,00001,A120202,36000,2024100000,人,12000
0000010101,00001,A120202,37000,2024100000,人,17000
0000010101,00001,A120202,38000,2024100000,人,23000
0000010101,00001,A120202,39000,2024100000,人,11000
0000010101,00001,A120202,40000,2024100000,人,106000
0000010101,00001,A120202,41000,2024100000,人,17000
0000010101,00001,A120202,42000,2024100000,人,25000
0000010101,00001,A120202,43000,2024100000,人,36000
0000010101,00001,A120202,44000,2024100000,人,21000
0000010101,00001,A120202,45000,2024100000,人,21000
0000010101,00001,A120202,46000,2024100000,人,32000
0000010101,00001,A120202,47000,2024100000,人,39000
0000010101,00001,A1203,00000,2024100000,人,5185000
0000010101,00001,A1203,01000,2024100000,人,193000
0000010101,00001,A1203,02000,2024100000,人,45000
0000010101,00001,A1203,03000,2024100000,人,46000
0000010101,00001,A1203,04000,2024100000,人,94000
0000010101,00001,A1203,05000,2024100000,人,32000
0000010101,00001,A1203,06000,2024100000,人,41000
0000010101,00001,A1203,07000,2024100000,人,71000
0000010101,00001,A1203,08000,2024100000,人,117000
0000010101,00001,A1203,09000,2024100000,人,78000
0000010101,00001,A1203,10000,2024100000,人,78000
0000010101,00001,A1203,11000,2024100000,人,302000
0000010101,00001,A1203,12000,2024100000,人,255000
0000010101,00001,A1203,13000,2024100000,人,529000
0000010101,00001,A1203,14000,2024100000,人,374000
0000010101,00001,A1203,15000,2024100000,人,86000
0000010101,00001,A1203,16000,2024100000,人,40000
0000010101,00001,A1203,17000,2024100000,人,47000
0000010101,00001,A1203,18000,2024100000,人,33000
0000010101,00001,A1203,19000,2024100000,人,32000
0000010101,00001,A1203,20000,2024100000,人,85000
0000010101,00001,A1203,21000,2024100000,人,85000
0000010101,00001,A1203,22000,2024100000,人,153000
0000010101,00001,A1203,23000,2024100000,人,336000
0000010101,00001,A1203,24000,2024100000,人,74000
0000010101,00001,A1203,25000,2024100000,人,67000
0000010101,00001,A1203,26000,2024100000,人,101000
0000010101,00001,A1203,27000,2024100000,人,353000
0000010101,00001,A1203,28000,2024100000,人,232000
0000010101,00001,A1203,29000,2024100000,人,54000
0000010101,00001,A1203,30000,2024100000,人,37000
0000010101,00001,A1203,31000,2024100000,人,23000
0000010101,00001,A1203,32000,2024100000,人,28000
0000010101,00001,A1203,33000,2024100000,人,80000
0000010101,00001,A1203,34000,2024100000,人,123000
0000010101,00001,A1203,35000,2024100000,人,53000
0000010101,00001,A1203,36000,2024100000,人,27000
0000010101,00001,A1203,37000,2024100000,人,40000
0000010101,00001,A1203,38000,2024100000,人,54000
0000010101,00001,A1203,39000,2024100000,人,26000
0000010101,00001,A1203,40000,2024100000,人,233000
0000010101,00001,A1203,41000,2024100000,人,38000
0000010101,00001,A1203,42000,2024100000,人,57000
0000010101,00001,A1203,43000,2024100000,人,80000
0000010101,00001,A1203,44000,2024100000,人,47000
0000010101,00001,A1203,45000,2024100000,人,50000
0000010101,00001,A1203,46000,2024100000,人,73000
0000010101,00001,A1203,47000,2024100000,人,83000
0000010101,00001,A120301,00000,2024100000,人,2657000
0000010101,00001,A120301,01000,2024100000,人,99000
0000010101,00001,A120301,02000,2024100000,人,23000
0000010101,00001,A120301,03000,2024100000,人,24000
0000010101,00001,A120301,04000,2024100000,人,48000
0000010101,00001,A120301,05000,2024100000,人,17000
0000010101,00001,A120301,06000,2024100000,人,21000
0000010101,00001,A120301,07000,2024100000,人,37000
0000010101,00001,A120301,08000,2024100000,人,60000
0000010101,00001,A120301,09000,2024100000,人,40000
0000010101,00001,A120301,10000,2024100000,人,40000
0000010101,00001,A120301,11000,2024100000,人,155000
0000010101,00001,A120301,12000,2024100000,人,131000
0000010101,00001,A120301,13000,2024100000,人,271000
0000010101,00001,A120301,14000,2024100000,人,192000
0000010101,00001,A120301,15000,2024100000,人,44000
0000010101,00001,A120301,16000,2024100000,人,20000
0000010101,00001,A120301,17000,2024100000,人,24000
0000010101,00001,A120301,18000,2024100000,人,17000
0000010101,00001,A120301,19000,2024100000,人,16000
0000010101,00001,A120301,20000,2024100000,人,44000
0000010101,00001,A120301,21000,2024100000,人,44000
0000010101,00001,A120301,22000,2024100000,人,79000
0000010101,00001,A120301,23000,2024100000,人,173000
0000010101,00001,A120301,24000,2024100000,人,38000
0000010101,00001,A120301,25000,2024100000,人,35000
0000010101,00001,A120301,26000,2024100000,人,52000
0000010101,00001,A120301,27000,2024100000,人,180000
0000010101,00001,A120301,28000,2024100000,人,119000
0000010101,00001,A120301,29000,2024100000,人,28000
0000010101,00001,A120301,30000,2024100000,人,19000
0000010101,00001,A120301,31000,2024100000,人,12000
0000010101,00001,A120301,32000,2024100000,人,15000
0000010101,00001,A120301,33000,2024100000,人,41000
0000010101,00001,A120301,34000,2024100000,人,63000
0000010101,00001,A120301,35000,2024100000,人,27000
0000010101,00001,A120301,36000,2024100000,人,14000
0000010101,00001,A120301,37000,2024100000,人,20000
0000010101,00001,A120301,38000,2024100000,人,28000
0000010101,00001,A120301,39000,2024100000,人,13000
0000010101,00001,A120301,40000,2024100000,人,119000
0000010101,00001,A120301,41000,2024100000,人,19000
0000010101,00001,A120301,42000,2024100000,人,29000
0000010101,00001,A120301,43000,2024100000,人,41000
0000010101,00001,A120301,44000,2024100000,人,24000
0000010101,00001,A120301,45000,2024100000,人,25000
0000010101,00001,A120301,46000,2024100000,人,37000
0000010101,00001,A120301,47000,2024100000,人,42000
0000010101,00001,A120302,00000,2024100000,人,2528000
0000010101,00001,A120302,01000,2024100000,人,94000
0000010101,00001,A120302,02000,2024100000,人,22000
0000010101,00001,A120302,03000,2024100000,人,23000
0000010101,00001,A120302,04000,2024100000,人,46000
0000010101,00001,A120302,05000,2024100000,人,16000
0000010101,00001,A120302,06000,2024100000,人,20000
0000010101,00001,A120302,07000,2024100000,人,34000
0000010101,00001,A120302,08000,2024100000,人,57000
0000010101,00001,A120302,09000,2024100000,人,38000
0000010101,00001,A120302,10000,2024100000,人,38000
0000010101,00001,A120302,11000,2024100000,人,147000
0000010101,00001,A120302,12000,2024100000,人,124000
0000010101,00001,A120302,13000,2024100000,人,258000
0000010101,00001,A120302,14000,2024100000,人,182000
0000010101,00001,A120302,15000,2024100000,人,42000
0000010101,00001,A120302,16000,2024100000,人,19000
0000010101,00001,A120302,17000,2024100000,人,23000
0000010101,00001,A120302,18000,2024100000,人,16000
0000010101,00001,A120302,19000,2024100000,人,16000
0000010101,00001,A120302,20000,2024100000,人,41000
0000010101,00001,A120302,21000,2024100000,人,41000
0000010101,00001,A120302,22000,2024100000,人,74000
0000010101,00001,A120302,23000,2024100000,人,163000
0000010101,00001,A120302,24000,2024100000,人,36000
0000010101,00001,A120302,25000,2024100000,人,33000
0000010101,00001,A120302,26000,2024100000,人,49000
0000010101,00001,A120302,27000,2024100000,人,173000
0000010101,00001,A120302,28000,2024100000,人,113000
0000010101,00001,A120302,29000,2024100000,人,27000
0000010101,00001,A120302,30000,2024100000,人,18000
0000010101,00001,A120302,31000,2024100000,人,12000
0000010101,00001,A120302,32000,2024100000,人,14000
0000010101,00001,A120302,33000,2024100000,人,39000
0000010101,00001,A120302,34000,2024100000,人,60000
0000010101,00001,A120302,35000,2024100000,人,26000
0000010101,00001,A120302,36000,2024100000,人,13000
0000010101,00001,A120302,37000,2024100000,人,19000
0000010101,00001,A120302,38000,2024100000,人,26000
0000010101,00001,A120302,39000,2024100000,人,13000
0000010101,00001,A120302,40000,2024100000,人,113000
0000010101,00001,A120302,41000,2024100000,人,19000
0000010101,00001,A120302,42000,2024100000,人,28000
0000010101,00001,A120302,43000,2024100000,人,39000
0000010101,00001,A120302,44000,2024100000,人,23000
0000010101,00001,A120302,45000,2024100000,人,24000
0000010101,00001,A120302,46000,2024100000,人,35000
0000010101,00001,A120302,47000,2024100000,人,41000
0000010101,00001,A1204,00000,2024100000,人,5457000
0000010101,00001,A1204,01000,2024100000,人,206000
0000010101,00001,A1204,02000,2024100000,人,47000
0000010101,00001,A1204,03000,2024100000,人,48000
0000010101,00001,A1204,04000,2024100000,人,100000
0000010101,00001,A1204,05000,2024100000,人,35000
0000010101,00001,A1204,06000,2024100000,人,44000
0000010101,00001,A1204,07000,2024100000,人,76000
0000010101,00001,A1204,08000,2024100000,人,125000
0000010101,00001,A1204,09000,2024100000,人,85000
0000010101,00001,A1204,10000,2024100000,人,87000
0000010101,00001,A1204,11000,2024100000,人,322000
0000010101,00001,A1204,12000,2024100000,人,272000
0000010101,00001,A1204,13000,2024100000,人,551000
0000010101,00001,A1204,14000,2024100000,人,399000
0000010101,00001,A1204,15000,2024100000,人,91000
0000010101,00001,A1204,16000,2024100000,人,43000
0000010101,00001,A1204,17000,2024100000,人,51000
0000010101,00001,A1204,18000,2024100000,人,35000
0000010101,00001,A1204,19000,2024100000,人,36000
0000010101,00001,A1204,20000,2024100000,人,90000
0000010101,00001,A1204,21000,2024100000,人,91000
0000010101,00001,A1204,22000,2024100000,人,161000
0000010101,00001,A1204,23000,2024100000,人,349000
0000010101,00001,A1204,24000,2024100000,人,79000
0000010101,00001,A1204,25000,2024100000,人,70000
0000010101,00001,A1204,26000,2024100000,人,114000
0000010101,00001,A1204,27000,2024100000,人,380000
0000010101,00001,A1204,28000,2024100000,人,244000
0000010101,00001,A1204,29000,2024100000,人,60000
0000010101,00001,A1204,30000,2024100000,人,39000
0000010101,00001,A1204,31000,2024100000,人,24000
0000010101,00001,A1204,32000,2024100000,人,29000
0000010101,00001,A1204,33000,2024100000,人,84000
0000010101,00001,A1204,34000,2024100000,人,126000
0000010101,00001,A1204,35000,2024100000,人,57000
0000010101,00001,A1204,36000,2024100000,人,28000
0000010101,00001,A1204,37000,2024100000,人,41000
0000010101,00001,A1204,38000,2024100000,人,56000
0000010101,00001,A1204,39000,2024100000,人,28000
0000010101,00001,A1204,40000,2024100000,人,235000
0000010101,00001,A1204,41000,2024100000,人,39000
0000010101,00001,A1204,42000,2024100000,人,57000
0000010101,00001,A1204,43000,2024100000,人,79000
0000010101,00001,A1204,44000,2024100000,人,49000
0000010101,00001,A1204,45000,2024100000,人,48000
0000010101,00001,A1204,46000,2024100000,人,70000
0000010101,00001,A1204,47000,2024100000,人,79000
0000010101,00001,A120401,00000,2024100000,人,2799000
0000010101,00001,A120401,01000,2024100000,人,106000
0000010101,00001,A120401,02000,2024100000,人,24000
0000010101,00001,A120401,03000,2024100000,人,25000
0000010101,00001,A120401,04000,2024100000,人,51000
0000010101,00001,A120401,05000,2024100000,人,18000
0000010101,00001,A120401,06000,2024100000,人,23000
0000010101,00001,A120401,07000,2024100000,人,39000
0000010101,00001,A120401,08000,2024100000,人,65000
0000010101,00001,A120401,09000,2024100000,人,44000
0000010101,00001,A120401,10000,2024100000,人,45000
0000010101,00001,A120401,11000,2024100000,人,166000
0000010101,00001,A120401,12000,2024100000,人,139000
0000010101,00001,A120401,13000,2024100000,人,283000
0000010101,00001,A120401,14000,2024100000,人,206000
0000010101,00001,A120401,15000,2024100000,人,47000
0000010101,00001,A120401,16000,2024100000,人,23000
0000010101,00001,A120401,17000,2024100000,人,26000
0000010101,00001,A120401,18000,2024100000,人,18000
0000010101,00001,A120401,19000,2024100000,人,18000
0000010101,00001,A120401,20000,2024100000,人,46000
0000010101,00001,A120401,21000,2024100000,人,46000
0000010101,00001,A120401,22000,2024100000,人,82000
0000010101,00001,A120401,23000,2024100000,人,179000
0000010101,00001,A120401,24000,2024100000,人,40000
0000010101,00001,A120401,25000,2024100000,人,36000
0000010101,00001,A120401,26000,2024100000,人,59000
0000010101,00001,A120401,27000,2024100000,人,194000
0000010101,00001,A120401,28000,2024100000,人,125000
0000010101,00001,A120401,29000,2024100000,人,30000
0000010101,00001,A120401,30000,2024100000,人,20000
0000010101,00001,A120401,31000,2024100000,人,12000
0000010101,00001,A120401,32000,2024100000,人,15000
0000010101,00001,A120401,33000,2024100000,人,43000
0000010101,00001,A120401,34000,2024100000,人,65000
0000010101,00001,A120401,35000,2024100000,人,29000
0000010101,00001,A120401,36000,2024100000,人,14000
0000010101,00001,A120401,37000,2024100000,人,21000
0000010101,00001,A120401,38000,2024100000,人,28000
0000010101,00001,A120401,39000,2024100000,人,14000
0000010101,00001,A120401,40000,2024100000,人,119000
0000010101,00001,A120401,41000,2024100000,人,20000
0000010101,00001,A120401,42000,2024100000,人,29000
0000010101,00001,A120401,43000,2024100000,人,40000
0000010101,00001,A120401,44000,2024100000,人,25000
0000010101,00001,A120401,45000,2024100000,人,24000
0000010101,00001,A120401,46000,2024100000,人,36000
0000010101,00001,A120401,47000,2024100000,人,40000
0000010101,00001,A120402,00000,2024100000,人,2658000
0000010101,00001,A120402,01000,2024100000,人,100000
0000010101,00001,A120402,02000,2024100000,人,23000
0000010101,00001,A120402,03000,2024100000,人,23000
0000010101,00001,A120402,04000,2024100000,人,49000
0000010101,00001,A120402,05000,2024100000,人,17000
0000010101,00001,A120402,06000,2024100000,人,21000
0000010101,00001,A120402,07000,2024100000,人,37000
0000010101,00001,A120402,08000,2024100000,人,61000
0000010101,00001,A120402,09000,2024100000,人,41000
0000010101,00001,A120402,10000,2024100000,人,42000
0000010101,00001,A120402,11000,2024100000,人,157000
0000010101,00001,A120402,12000,2024100000,人,132000
0000010101,00001,A120402,13000,2024100000,人,269000
0000010101,00001,A120402,14000,2024100000,人,193000
0000010101,00001,A120402,15000,2024100000,人,44000
0000010101,00001,A120402,16000,2024100000,人,21000
0000010101,00001,A120402,17000,2024100000,人,25000
0000010101,00001,A120402,18000,2024100000,人,17000
0000010101,00001,A120402,19000,2024100000,人,18000
0000010101,00001,A120402,20000,2024100000,人,44000
0000010101,00001,A120402,21000,2024100000,人,45000
0000010101,00001,A120402,22000,2024100000,人,78000
0000010101,00001,A120402,23000,2024100000,人,170000
0000010101,00001,A120402,24000,2024100000,人,39000
0000010101,00001,A120402,25000,2024100000,人,34000
0000010101,00001,A120402,26000,2024100000,人,56000
0000010101,00001,A120402,27000,2024100000,人,186000
0000010101,00001,A120402,28000,2024100000,人,119000
0000010101,00001,A120402,29000,2024100000,人,29000
0000010101,00001,A120402,30000,2024100000,人,19000
0000010101,00001,A120402,31000,2024100000,人,12000
0000010101,00001,A120402,32000,2024100000,人,14000
0000010101,00001,A120402,33000,2024100000,人,40000
0000010101,00001,A120402,34000,2024100000,人,61000
0000010101,00001,A120402,35000,2024100000,人,28000
0000010101,00001,A120402,36000,2024100000,人,14000
0000010101,00001,A120402,37000,2024100000,人,20000
0000010101,00001,A120402,38000,2024100000,人,27000
0000010101,00001,A120402,39000,2024100000,人,13000
0000010101,00001,A120402,40000,2024100000,人,116000
0000010101,00001,A120402,41000,2024100000,人,19000
0000010101,00001,A120402,42000,2024100000,人,28000
0000010101,00001,A120402,43000,2024100000,人,39000
0000010101,00001,A120402,44000,2024100000,人,24000
0000010101,00001,A120402,45000,2024100000,人,24000
0000010101,00001,A120402,46000,2024100000,人,34000
0000010101,00001,A120402,47000,2024100000,人,38000
0000010101,00001,A1205,00000,2024100000,人,6260000
0000010101,00001,A1205,01000,2024100000,人,226000
0000010101,00001,A1205,02000,2024100000,人,43000
0000010101,00001,A1205,03000,2024100000,人,44000
0000010101,00001,A1205,04000,2024100000,人,120000
0000010101,00001,A1205,05000,2024100000,人,29000
0000010101,00001,A1205,06000,2024100000,人,40000
0000010101,00001,A1205,07000,2024100000,人,70000
0000010101,00001,A1205,08000,2024100000,人,135000
0000010101,00001,A1205,09000,2024100000,人,89000
0000010101,00001,A1205,10000,2024100000,人,92000
0000010101,00001,A1205,11000,2024100000,人,388000
0000010101,00001,A1205,12000,2024100000,人,325000
0000010101,00001,A1205,13000,2024100000,人,862000
0000010101,00001,A1205,14000,2024100000,人,503000
0000010101,00001,A1205,15000,2024100000,人,86000
0000010101,00001,A1205,16000,2024100000,人,45000
0000010101,00001,A1205,17000,2024100000,人,57000
0000010101,00001,A1205,18000,2024100000,人,33000
0000010101,00001,A1205,19000,2024100000,人,40000
0000010101,00001,A1205,20000,2024100000,人,81000
0000010101,00001,A1205,21000,2024100000,人,94000
0000010101,00001,A1205,22000,2024100000,人,158000
0000010101,00001,A1205,23000,2024100000,人,407000
0000010101,00001,A1205,24000,2024100000,人,81000
0000010101,00001,A1205,25000,2024100000,人,75000
0000010101,00001,A1205,26000,2024100000,人,151000
0000010101,00001,A1205,27000,2024100000,人,491000
0000010101,00001,A1205,28000,2024100000,人,261000
0000010101,00001,A1205,29000,2024100000,人,61000
0000010101,00001,A1205,30000,2024100000,人,35000
0000010101,00001,A1205,31000,2024100000,人,22000
0000010101,00001,A1205,32000,2024100000,人,26000
0000010101,00001,A1205,33000,2024100000,人,94000
0000010101,00001,A1205,34000,2024100000,人,131000
0000010101,00001,A1205,35000,2024100000,人,55000
0000010101,00001,A1205,36000,2024100000,人,28000
0000010101,00001,A1205,37000,2024100000,人,41000
0000010101,00001,A1205,38000,2024100000,人,51000
0000010101,00001,A1205,39000,2024100000,人,26000
0000010101,00001,A1205,40000,2024100000,人,277000
0000010101,00001,A1205,41000,2024100000,人,37000
0000010101,00001,A1205,42000,2024100000,人,49000
0000010101,00001,A1205,43000,2024100000,人,77000
0000010101,00001,A1205,44000,2024100000,人,48000
0000010101,00001,A1205,45000,2024100000,人,41000
0000010101,00001,A1205,46000,2024100000,人,62000
0000010101,00001,A1205,47000,2024100000,人,74000
0000010101,00001,A120501,00000,2024100000,人,3231000
0000010101,00001,A120501,01000,2024100000,人,117000
0000010101,00001,A120501,02000,2024100000,人,23000
0000010101,00001,A120501,03000,2024100000,人,24000
0000010101,00001,A120501,04000,2024100000,人,62000
0000010101,00001,A120501,05000,2024100000,人,16000
0000010101,00001,A120501,06000,2024100000,人,21000
0000010101,00001,A120501,07000,2024100000,人,38000
0000010101,00001,A120501,08000,2024100000,人,73000
0000010101,00001,A120501,09000,2024100000,人,47000
0000010101,00001,A120501,10000,2024100000,人,49000
0000010101,00001,A120501,11000,2024100000,人,200000
0000010101,00001,A120501,12000,2024100000,人,166000
0000010101,00001,A120501,13000,2024100000,人,434000
0000010101,00001,A120501,14000,2024100000,人,259000
0000010101,00001,A120501,15000,2024100000,人,46000
0000010101,00001,A120501,16000,2024100000,人,24000
0000010101,00001,A120501,17000,2024100000,人,31000
0000010101,00001,A120501,18000,2024100000,人,18000
0000010101,00001,A120501,19000,2024100000,人,21000
0000010101,00001,A120501,20000,2024100000,人,43000
0000010101,00001,A120501,21000,2024100000,人,49000
0000010101,00001,A120501,22000,2024100000,人,84000
0000010101,00001,A120501,23000,2024100000,人,213000
0000010101,00001,A120501,24000,2024100000,人,42000
0000010101,00001,A120501,25000,2024100000,人,40000
0000010101,00001,A120501,26000,2024100000,人,77000
0000010101,00001,A120501,27000,2024100000,人,245000
0000010101,00001,A120501,28000,2024100000,人,131000
0000010101,00001,A120501,29000,2024100000,人,31000
0000010101,00001,A120501,30000,2024100000,人,18000
0000010101,00001,A120501,31000,2024100000,人,12000
0000010101,00001,A120501,32000,2024100000,人,14000
0000010101,00001,A120501,33000,2024100000,人,48000
0000010101,00001,A120501,34000,2024100000,人,69000
0000010101,00001,A120501,35000,2024100000,人,29000
0000010101,00001,A120501,36000,2024100000,人,15000
0000010101,00001,A120501,37000,2024100000,人,22000
0000010101,00001,A120501,38000,2024100000,人,27000
0000010101,00001,A120501,39000,2024100000,人,14000
0000010101,00001,A120501,40000,2024100000,人,139000
0000010101,00001,A120501,41000,2024100000,人,19000
0000010101,00001,A120501,42000,2024100000,人,26000
0000010101,00001,A120501,43000,2024100000,人,39000
0000010101,00001,A120501,44000,2024100000,人,25000
0000010101,00001,A120501,45000,2024100000,人,21000
0000010101,00001,A120501,46000,2024100000,人,31000
0000010101,00001,A120501,47000,2024100000,人,38000
0000010101,00001,A120502,00000,2024100000,人,3029000
0000010101,00001,A120502,01000,2024100000,人,109000
0000010101,00001,A120502,02000,2024100000,人,20000
0000010101,00001,A120502,03000,2024100000,人,20000
0000010101,00001,A120502,04000,2024100000,人,58000
0000010101,00001,A120502,05000,2024100000,人,13000
0000010101,00001,A120502,06000,2024100000,人,19000
0000010101,00001,A120502,07000,2024100000,人,32000
0000010101,00001,A120502,08000,2024100000,人,62000
0000010101,00001,A120502,09000,2024100000,人,41000
0000010101,00001,A120502,10000,2024100000,人,43000
0000010101,00001,A120502,11000,2024100000,人,188000
0000010101,00001,A120502,12000,2024100000,人,160000
0000010101,00001,A120502,13000,2024100000,人,428000
0000010101,00001,A120502,14000,2024100000,人,244000
0000010101,00001,A120502,15000,2024100000,人,40000
0000010101,00001,A120502,16000,2024100000,人,20000
0000010101,00001,A120502,17000,2024100000,人,26000
0000010101,00001,A120502,18000,2024100000,人,15000
0000010101,00001,A120502,19000,2024100000,人,18000
0000010101,00001,A120502,20000,2024100000,人,38000
0000010101,00001,A120502,21000,2024100000,人,45000
0000010101,00001,A120502,22000,2024100000,人,74000
0000010101,00001,A120502,23000,2024100000,人,194000
0000010101,00001,A120502,24000,2024100000,人,38000
0000010101,00001,A120502,25000,2024100000,人,35000
0000010101,00001,A120502,26000,2024100000,人,74000
0000010101,00001,A120502,27000,2024100000,人,246000
0000010101,00001,A120502,28000,2024100000,人,130000
0000010101,00001,A120502,29000,2024100000,人,31000
0000010101,00001,A120502,30000,2024100000,人,17000
0000010101,00001,A120502,31000,2024100000,人,11000
0000010101,00001,A120502,32000,2024100000,人,12000
0000010101,00001,A120502,33000,2024100000,人,46000
0000010101,00001,A120502,34000,2024100000,人,62000
0000010101,00001,A120502,35000,2024100000,人,26000
0000010101,00001,A120502,36000,2024100000,人,14000
0000010101,00001,A120502,37000,2024100000,人,19000
0000010101,00001,A120502,38000,2024100000,人,24000
0000010101,00001,A120502,39000,2024100000,人,12000
0000010101,00001,A120502,40000,2024100000,人,138000
0000010101,00001,A120502,41000,2024100000,人,18000
0000010101,00001,A120502,42000,2024100000,人,23000
0000010101,00001,A120502,43000,2024100000,人,38000
0000010101,00001,A120502,44000,2024100000,人,22000
0000010101,00001,A120502,45000,2024100000,人,20000
0000010101,00001,A120502,46000,2024100000,人,31000
0000010101,00001,A120502,47000,2024100000,人,36000
0000010101,00001,A1206,00000,2024100000,人,6519000
0000010101,00001,A1206,01000,2024100000,人,226000
0000010101,00001,A1206,02000,2024100000,人,43000
0000010101,00001,A1206,03000,2024100000,人,44000
0000010101,00001,A1206,04000,2024100000,人,117000
0000010101,00001,A1206,05000,2024100000,人,29000
0000010101,00001,A1206,06000,2024100000,人,38000
0000010101,00001,A1206,07000,2024100000,人,69000
0000010101,00001,A1206,08000,2024100000,人,133000
0000010101,00001,A1206,09000,2024100000,人,87000
0000010101,00001,A1206,10000,2024100000,人,88000
0000010101,00001,A1206,11000,2024100000,人,408000
0000010101,00001,A1206,12000,2024100000,人,344000
0000010101,00001,A1206,13000,2024100000,人,1076000
0000010101,00001,A1206,14000,2024100000,人,555000
0000010101,00001,A1206,15000,2024100000,人,83000
0000010101,00001,A1206,16000,2024100000,人,44000
0000010101,00001,A1206,17000,2024100000,人,53000
0000010101,00001,A1206,18000,2024100000,人,32000
0000010101,00001,A1206,19000,2024100000,人,36000
0000010101,00001,A1206,20000,2024100000,人,81000
0000010101,00001,A1206,21000,2024100000,人,86000
0000010101,00001,A1206,22000,2024100000,人,156000
0000010101,00001,A1206,23000,2024100000,人,430000
0000010101,00001,A1206,24000,2024100000,人,79000
0000010101,00001,A1206,25000,2024100000,人,73000
0000010101,00001,A1206,26000,2024100000,人,145000
0000010101,00001,A1206,27000,2024100000,人,526000
0000010101,00001,A1206,28000,2024100000,人,248000
0000010101,00001,A1206,29000,2024100000,人,53000
0000010101,00001,A1206,30000,2024100000,人,33000
0000010101,00001,A1206,31000,2024100000,人,21000
0000010101,00001,A1206,32000,2024100000,人,25000
0000010101,00001,A1206,33000,2024100000,人,92000
0000010101,00001,A1206,34000,2024100000,人,129000
0000010101,00001,A1206,35000,2024100000,人,51000
0000010101,00001,A1206,36000,2024100000,人,28000
0000010101,00001,A1206,37000,2024100000,人,38000
0000010101,00001,A1206,38000,2024100000,人,51000
0000010101,00001,A1206,39000,2024100000,人,25000
0000010101,00001,A1206,40000,2024100000,人,274000
0000010101,00001,A1206,41000,2024100000,人,33000
0000010101,00001,A1206,42000,2024100000,人,47000
0000010101,00001,A1206,43000,2024100000,人,73000
0000010101,00001,A1206,44000,2024100000,人,44000
0000010101,00001,A1206,45000,2024100000,人,40000
0000010101,00001,A1206,46000,2024100000,人,60000
0000010101,00001,A1206,47000,2024100000,人,75000
0000010101,00001,A120601,00000,2024100000,人,3356000
0000010101,00001,A120601,01000,2024100000,人,116000
0000010101,00001,A120601,02000,2024100000,人,22000
0000010101,00001,A120601,03000,2024100000,人,23000
0000010101,00001,A120601,04000,2024100000,人,60000
0000010101,00001,A120601,05000,2024100000,人,15000
0000010101,00001,A120601,06000,2024100000,人,20000
0000010101,00001,A120601,07000,2024100000,人,37000
0000010101,00001,A120601,08000,2024100000,人,73000
0000010101,00001,A120601,09000,2024100000,人,47000
0000010101,00001,A120601,10000,2024100000,人,47000
0000010101,00001,A120601,11000,2024100000,人,211000
0000010101,00001,A120601,12000,2024100000,人,178000
0000010101,00001,A120601,13000,2024100000,人,543000
0000010101,00001,A120601,14000,2024100000,人,289000
0000010101,00001,A120601,15000,2024100000,人,44000
0000010101,00001,A120601,16000,2024100000,人,24000
0000010101,00001,A120601,17000,2024100000,人,29000
0000010101,00001,A120601,18000,2024100000,人,17000
0000010101,00001,A120601,19000,2024100000,人,19000
0000010101,00001,A120601,20000,2024100000,人,43000
0000010101,00001,A120601,21000,2024100000,人,44000
0000010101,00001,A120601,22000,2024100000,人,83000
0000010101,00001,A120601,23000,2024100000,人,225000
0000010101,00001,A120601,24000,2024100000,人,42000
0000010101,00001,A120601,25000,2024100000,人,39000
0000010101,00001,A120601,26000,2024100000,人,74000
0000010101,00001,A120601,27000,2024100000,人,260000
0000010101,00001,A120601,28000,2024100000,人,122000
0000010101,00001,A120601,29000,2024100000,人,26000
0000010101,00001,A120601,30000,2024100000,人,17000
0000010101,00001,A120601,31000,2024100000,人,11000
0000010101,00001,A120601,32000,2024100000,人,13000
0000010101,00001,A120601,33000,2024100000,人,47000
0000010101,00001,A120601,34000,2024100000,人,68000
0000010101,00001,A120601,35000,2024100000,人,27000
0000010101,00001,A120601,36000,2024100000,人,15000
0000010101,00001,A120601,37000,2024100000,人,20000
0000010101,00001,A120601,38000,2024100000,人,27000
0000010101,00001,A120601,39000,2024100000,人,13000
0000010101,00001,A120601,40000,2024100000,人,136000
0000010101,00001,A120601,41000,2024100000,人,17000
0000010101,00001,A120601,42000,2024100000,人,24000
0000010101,00001,A120601,43000,2024100000,人,37000
0000010101,00001,A120601,44000,2024100000,人,23000
0000010101,00001,A120601,45000,2024100000,人,20000
0000010101,00001,A120601,46000,2024100000,人,30000
0000010101,00001,A120601,47000,2024100000,人,38000
0000010101,00001,A120602,00000,2024100000,人,3163000
0000010101,00001,A120602,01000,2024100000,人,110000
0000010101,00001,A120602,02000,2024100000,人,20000
0000010101,00001,A120602,03000,2024100000,人,20000
0000010101,00001,A120602,04000,2024100000,人,56000
0000010101,00001,A120602,05000,2024100000,人,13000
0000010101,00001,A120602,06000,2024100000,人,18000
0000010101,00001,A120602,07000,2024100000,人,32000
0000010101,00001,A120602,08000,2024100000,人,61000
0000010101,00001,A120602,09000,2024100000,人,40000
0000010101,00001,A120602,10000,2024100000,人,41000
0000010101,00001,A120602,11000,2024100000,人,197000
0000010101,00001,A120602,12000,2024100000,人,167000
0000010101,00001,A120602,13000,2024100000,人,532000
0000010101,00001,A120602,14000,2024100000,人,266000
0000010101,00001,A120602,15000,2024100000,人,40000
0000010101,00001,A120602,16000,2024100000,人,20000
0000010101,00001,A120602,17000,2024100000,人,25000
0000010101,00001,A120602,18000,2024100000,人,15000
0000010101,00001,A120602,19000,2024100000,人,17000
0000010101,00001,A120602,20000,2024100000,人,38000
0000010101,00001,A120602,21000,2024100000,人,41000
0000010101,00001,A120602,22000,2024100000,人,73000
0000010101,00001,A120602,23000,2024100000,人,205000
0000010101,00001,A120602,24000,2024100000,人,37000
0000010101,00001,A120602,25000,2024100000,人,34000
0000010101,00001,A120602,26000,2024100000,人,71000
0000010101,00001,A120602,27000,2024100000,人,266000
0000010101,00001,A120602,28000,2024100000,人,126000
0000010101,00001,A120602,29000,2024100000,人,28000
0000010101,00001,A120602,30000,2024100000,人,16000
0000010101,00001,A120602,31000,2024100000,人,10000
0000010101,00001,A120602,32000,2024100000,人,12000
0000010101,00001,A120602,33000,2024100000,人,45000
0000010101,00001,A120602,34000,2024100000,人,61000
0000010101,00001,A120602,35000,2024100000,人,24000
0000010101,00001,A120602,36000,2024100000,人,13000
0000010101,00001,A120602,37000,2024100000,人,18000
0000010101,00001,A120602,38000,2024100000,人,24000
0000010101,00001,A120602,39000,2024100000,人,11000
0000010101,00001,A120602,40000,2024100000,人,137000
0000010101,00001,A120602,41000,2024100000,人,16000
0000010101,00001,A120602,42000,2024100000,人,23000
0000010101,00001,A120602,43000,2024100000,人,36000
0000010101,00001,A120602,44000,2024100000,人,21000
0000010101,00001,A120602,45000,2024100000,人,20000
0000010101,00001,A120602,46000,2024100000,人,30000
0000010101,00001,A120602,47000,2024100000,人,37000
0000010101,00001,A1207,00000,2024100000,人,6395000
0000010101,00001,A1207,01000,2024100000,人,233000
0000010101,00001,A1207,02000,2024100000,人,47000
0000010101,00001,A1207,03000,2024100000,人,49000
0000010101,00001,A1207,04000,2024100000,人,113000
0000010101,00001,A1207,05000,2024100000,人,33000
0000010101,00001,A1207,06000,2024100000,人,42000
0000010101,00001,A1207,07000,2024100000,人,80000
0000010101,00001,A1207,08000,2024100000,人,136000
0000010101,00001,A1207,09000,2024100000,人,92000
0000010101,00001,A1207,10000,2024100000,人,91000
0000010101,00001,A1207,11000,2024100000,人,402000
0000010101,00001,A1207,12000,2024100000,人,336000
0000010101,00001,A1207,13000,2024100000,人,972000
0000010101,00001,A1207,14000,2024100000,人,514000
0000010101,00001,A1207,15000,2024100000,人,92000
0000010101,00001,A1207,16000,2024100000,人,44000
0000010101,00001,A1207,17000,2024100000,人,52000
0000010101,00001,A1207,18000,2024100000,人,34000
0000010101,00001,A1207,19000,2024100000,人,36000
0000010101,00001,A1207,20000,2024100000,人,88000
0000010101,00001,A1207,21000,2024100000,人,86000
0000010101,00001,A1207,22000,2024100000,人,166000
0000010101,00001,A1207,23000,2024100000,人,419000
0000010101,00001,A1207,24000,2024100000,人,81000
0000010101,00001,A1207,25000,2024100000,人,71000
0000010101,00001,A1207,26000,2024100000,人,124000
0000010101,00001,A1207,27000,2024100000,人,483000
0000010101,00001,A1207,28000,2024100000,人,250000
0000010101,00001,A1207,29000,2024100000,人,54000
0000010101,00001,A1207,30000,2024100000,人,37000
0000010101,00001,A1207,31000,2024100000,人,23000
0000010101,00001,A1207,32000,2024100000,人,28000
0000010101,00001,A1207,33000,2024100000,人,88000
0000010101,00001,A1207,34000,2024100000,人,132000
0000010101,00001,A1207,35000,2024100000,人,53000
0000010101,00001,A1207,36000,2024100000,人,28000
0000010101,00001,A1207,37000,2024100000,人,41000
0000010101,00001,A1207,38000,2024100000,人,55000
0000010101,00001,A1207,39000,2024100000,人,26000
0000010101,00001,A1207,40000,2024100000,人,263000
0000010101,00001,A1207,41000,2024100000,人,35000
0000010101,00001,A1207,42000,2024100000,人,52000
0000010101,00001,A1207,43000,2024100000,人,77000
0000010101,00001,A1207,44000,2024100000,人,47000
0000010101,00001,A1207,45000,2024100000,人,44000
0000010101,00001,A1207,46000,2024100000,人,65000
0000010101,00001,A1207,47000,2024100000,人,79000
0000010101,00001,A120701,00000,2024100000,人,3289000
0000010101,00001,A120701,01000,2024100000,人,118000
0000010101,00001,A120701,02000,2024100000,人,25000
0000010101,00001,A120701,03000,2024100000,人,25000
0000010101,00001,A120701,04000,2024100000,人,58000
0000010101,00001,A120701,05000,2024100000,人,17000
0000010101,00001,A120701,06000,2024100000,人,22000
0000010101,00001,A120701,07000,2024100000,人,42000
0000010101,00001,A120701,08000,2024100000,人,74000
0000010101,00001,A120701,09000,2024100000,人,50000
0000010101,00001,A120701,10000,2024100000,人,49000
0000010101,00001,A120701,11000,2024100000,人,209000
0000010101,00001,A120701,12000,2024100000,人,174000
0000010101,00001,A120701,13000,2024100000,人,494000
0000010101,00001,A120701,14000,2024100000,人,269000
0000010101,00001,A120701,15000,2024100000,人,48000
0000010101,00001,A120701,16000,2024100000,人,24000
0000010101,00001,A120701,17000,2024100000,人,27000
0000010101,00001,A120701,18000,2024100000,人,18000
0000010101,00001,A120701,19000,2024100000,人,19000
0000010101,00001,A120701,20000,2024100000,人,46000
0000010101,00001,A120701,21000,2024100000,人,45000
0000010101,00001,A120701,22000,2024100000,人,88000
0000010101,00001,A120701,23000,2024100000,人,222000
0000010101,00001,A120701,24000,2024100000,人,43000
0000010101,00001,A120701,25000,2024100000,人,37000
0000010101,00001,A120701,26000,2024100000,人,62000
0000010101,00001,A120701,27000,2024100000,人,240000
0000010101,00001,A120701,28000,2024100000,人,125000
0000010101,00001,A120701,29000,2024100000,人,27000
0000010101,00001,A120701,30000,2024100000,人,19000
0000010101,00001,A120701,31000,2024100000,人,11000
0000010101,00001,A120701,32000,2024100000,人,14000
0000010101,00001,A120701,33000,2024100000,人,45000
0000010101,00001,A120701,34000,2024100000,人,69000
0000010101,00001,A120701,35000,2024100000,人,28000
0000010101,00001,A120701,36000,2024100000,人,14000
0000010101,00001,A120701,37000,2024100000,人,22000
0000010101,00001,A120701,38000,2024100000,人,29000
0000010101,00001,A120701,39000,2024100000,人,13000
0000010101,00001,A120701,40000,2024100000,人,130000
0000010101,00001,A120701,41000,2024100000,人,18000
0000010101,00001,A120701,42000,2024100000,人,26000
0000010101,00001,A120701,43000,2024100000,人,39000
0000010101,00001,A120701,44000,2024100000,人,24000
0000010101,00001,A120701,45000,2024100000,人,22000
0000010101,00001,A120701,46000,2024100000,人,31000
0000010101,00001,A120701,47000,2024100000,人,40000
0000010101,00001,A120702,00000,2024100000,人,3107000
0000010101,00001,A120702,01000,2024100000,人,115000
0000010101,00001,A120702,02000,2024100000,人,23000
0000010101,00001,A120702,03000,2024100000,人,23000
0000010101,00001,A120702,04000,2024100000,人,56000
0000010101,00001,A120702,05000,2024100000,人,16000
0000010101,00001,A120702,06000,2024100000,人,20000
0000010101,00001,A120702,07000,2024100000,人,38000
0000010101,00001,A120702,08000,2024100000,人,63000
0000010101,00001,A120702,09000,2024100000,人,42000
0000010101,00001,A120702,10000,2024100000,人,42000
0000010101,00001,A120702,11000,2024100000,人,194000
0000010101,00001,A120702,12000,2024100000,人,162000
0000010101,00001,A120702,13000,2024100000,人,478000
0000010101,00001,A120702,14000,2024100000,人,245000
0000010101,00001,A120702,15000,2024100000,人,44000
0000010101,00001,A120702,16000,2024100000,人,21000
0000010101,00001,A120702,17000,2024100000,人,25000
0000010101,00001,A120702,18000,2024100000,人,16000
0000010101,00001,A120702,19000,2024100000,人,17000
0000010101,00001,A120702,20000,2024100000,人,42000
0000010101,00001,A120702,21000,2024100000,人,41000
0000010101,00001,A120702,22000,2024100000,人,78000
0000010101,00001,A120702,23000,2024100000,人,197000
0000010101,00001,A120702,24000,2024100000,人,38000
0000010101,00001,A120702,25000,2024100000,人,34000
0000010101,00001,A120702,26000,2024100000,人,62000
0000010101,00001,A120702,27000,2024100000,人,242000
0000010101,00001,A120702,28000,2024100000,人,126000
0000010101,00001,A120702,29000,2024100000,人,28000
0000010101,00001,A120702,30000,2024100000,人,18000
0000010101,00001,A120702,31000,2024100000,人,11000
0000010101,00001,A120702,32000,2024100000,人,13000
0000010101,00001,A120702,33000,2024100000,人,43000
0000010101,00001,A120702,34000,2024100000,人,63000
0000010101,00001,A120702,35000,2024100000,人,25000
0000010101,00001,A120702,36000,2024100000,人,14000
0000010101,00001,A120702,37000,2024100000,人,20000
0000010101,00001,A120702,38000,2024100000,人,27000
0000010101,00001,A120702,39000,2024100000,人,13000
0000010101,00001,A120702,40000,2024100000,人,133000
0000010101,00001,A120702,41000,2024100000,人,18000
0000010101,00001,A120702,42000,2024100000,人,26000
0000010101,00001,A120702,43000,2024100000,人,39000
0000010101,00001,A120702,44000,2024100000,人,23000
0000010101,00001,A120702,45000,2024100000,人,22000
0000010101,00001,A120702,46000,2024100000,人,33000
0000010101,00001,A120702,47000,2024100000,人,40000
0000010101,00001,A1208,00000,2024100000,人,6871000
0000010101,00001,A1208,01000,2024100000,人,261000
0000010101,00001,A1208,02000,2024100000,人,57000
0000010101,00001,A1208,03000,2024100000,人,56000
0000010101,00001,A1208,04000,2024100000,人,128000
0000010101,00001,A1208,05000,2024100000,人,41000
0000010101,00001,A1208,06000,2024100000,人,51000
0000010101,00001,A1208,07000,2024100000,人,93000
0000010101,00001,A1208,08000,2024100000,人,153000
0000010101,00001,A1208,09000,2024100000,人,106000
0000010101,00001,A1208,10000,2024100000,人,99000
0000010101,00001,A1208,11000,2024100000,人,419000
0000010101,00001,A1208,12000,2024100000,人,356000
0000010101,00001,A1208,13000,2024100000,人,941000
0000010101,00001,A1208,14000,2024100000,人,528000
0000010101,00001,A1208,15000,2024100000,人,108000
0000010101,00001,A1208,16000,2024100000,人,49000
0000010101,00001,A1208,17000,2024100000,人,56000
0000010101,00001,A1208,18000,2024100000,人,39000
0000010101,00001,A1208,19000,2024100000,人,40000
0000010101,00001,A1208,20000,2024100000,人,100000
0000010101,00001,A1208,21000,2024100000,人,97000
0000010101,00001,A1208,22000,2024100000,人,189000
0000010101,00001,A1208,23000,2024100000,人,439000
0000010101,00001,A1208,24000,2024100000,人,90000
0000010101,00001,A1208,25000,2024100000,人,79000
0000010101,00001,A1208,26000,2024100000,人,129000
0000010101,00001,A1208,27000,2024100000,人,486000
0000010101,00001,A1208,28000,2024100000,人,278000
0000010101,00001,A1208,29000,2024100000,人,63000
0000010101,00001,A1208,30000,2024100000,人,43000
0000010101,00001,A1208,31000,2024100000,人,27000
0000010101,00001,A1208,32000,2024100000,人,32000
0000010101,00001,A1208,33000,2024100000,人,97000
0000010101,00001,A1208,34000,2024100000,人,146000
0000010101,00001,A1208,35000,2024100000,人,61000
0000010101,00001,A1208,36000,2024100000,人,34000
0000010101,00001,A1208,37000,2024100000,人,48000
0000010101,00001,A1208,38000,2024100000,人,64000
0000010101,00001,A1208,39000,2024100000,人,31000
0000010101,00001,A1208,40000,2024100000,人,288000
0000010101,00001,A1208,41000,2024100000,人,41000
0000010101,00001,A1208,42000,2024100000,人,62000
0000010101,00001,A1208,43000,2024100000,人,90000
0000010101,00001,A1208,44000,2024100000,人,55000
0000010101,00001,A1208,45000,2024100000,人,52000
0000010101,00001,A1208,46000,2024100000,人,78000
0000010101,00001,A1208,47000,2024100000,人,90000
0000010101,00001,A120801,00000,2024100000,人,3509000
0000010101,00001,A120801,01000,2024100000,人,131000
0000010101,00001,A120801,02000,2024100000,人,29000
0000010101,00001,A120801,03000,2024100000,人,29000
0000010101,00001,A120801,04000,2024100000,人,65000
0000010101,00001,A120801,05000,2024100000,人,21000
0000010101,00001,A120801,06000,2024100000,人,26000
0000010101,00001,A120801,07000,2024100000,人,48000
0000010101,00001,A120801,08000,2024100000,人,81000
0000010101,00001,A120801,09000,2024100000,人,56000
0000010101,00001,A120801,10000,2024100000,人,52000
0000010101,00001,A120801,11000,2024100000,人,218000
0000010101,00001,A120801,12000,2024100000,人,185000
0000010101,00001,A120801,13000,2024100000,人,477000
0000010101,00001,A120801,14000,2024100000,人,274000
0000010101,00001,A120801,15000,2024100000,人,56000
0000010101,00001,A120801,16000,2024100000,人,26000
0000010101,00001,A120801,17000,2024100000,人,29000
0000010101,00001,A120801,18000,2024100000,人,20000
0000010101,00001,A120801,19000,2024100000,人,21000
0000010101,00001,A120801,20000,2024100000,人,51000
0000010101,00001,A120801,21000,2024100000,人,50000
0000010101,00001,A120801,22000,2024100000,人,99000
0000010101,00001,A120801,23000,2024100000,人,231000
0000010101,00001,A120801,24000,2024100000,人,47000
0000010101,00001,A120801,25000,2024100000,人,41000
0000010101,00001,A120801,26000,2024100000,人,64000
0000010101,00001,A120801,27000,2024100000,人,242000
0000010101,00001,A120801,28000,2024100000,人,139000
0000010101,00001,A120801,29000,2024100000,人,31000
0000010101,00001,A120801,30000,2024100000,人,22000
0000010101,00001,A120801,31000,2024100000,人,14000
0000010101,00001,A120801,32000,2024100000,人,16000
0000010101,00001,A120801,33000,2024100000,人,49000
0000010101,00001,A120801,34000,2024100000,人,75000
0000010101,00001,A120801,35000,2024100000,人,32000
0000010101,00001,A120801,36000,2024100000,人,17000
0000010101,00001,A120801,37000,2024100000,人,25000
0000010101,00001,A120801,38000,2024100000,人,32000
0000010101,00001,A120801,39000,2024100000,人,15000
0000010101,00001,A120801,40000,2024100000,人,142000
0000010101,00001,A120801,41000,2024100000,人,20000
0000010101,00001,A120801,42000,2024100000,人,31000
0000010101,00001,A120801,43000,2024100000,人,45000
0000010101,00001,A120801,44000,2024100000,人,28000
0000010101,00001,A120801,45000,2024100000,人,26000
0000010101,00001,A120801,46000,2024100000,人,38000
0000010101,00001,A120801,47000,2024100000,人,45000
0000010101,00001,A120802,00000,2024100000,人,3362000
0000010101,00001,A120802,01000,2024100000,人,130000
0000010101,00001,A120802,02000,2024100000,人,28000
0000010101,00001,A120802,03000,2024100000,人,27000
0000010101,00001,A120802,04000,2024100000,人,63000
0000010101,00001,A120802,05000,2024100000,人,20000
0000010101,00001,A120802,06000,2024100000,人,25000
0000010101,00001,A120802,07000,2024100000,人,44000
0000010101,00001,A120802,08000,2024100000,人,72000
0000010101,00001,A120802,09000,2024100000,人,50000
0000010101,00001,A120802,10000,2024100000,人,47000
0000010101,00001,A120802,11000,2024100000,人,201000
0000010101,00001,A120802,12000,2024100000,人,171000
0000010101,00001,A120802,13000,2024100000,人,464000
0000010101,00001,A120802,14000,2024100000,人,254000
0000010101,00001,A120802,15000,2024100000,人,52000
0000010101,00001,A120802,16000,2024100000,人,23000
0000010101,00001,A120802,17000,2024100000,人,27000
0000010101,00001,A120802,18000,2024100000,人,19000
0000010101,00001,A120802,19000,2024100000,人,19000
0000010101,00001,A120802,20000,2024100000,人,48000
0000010101,00001,A120802,21000,2024100000,人,47000
0000010101,00001,A120802,22000,2024100000,人,90000
0000010101,00001,A120802,23000,2024100000,人,208000
0000010101,00001,A120802,24000,2024100000,人,43000
0000010101,00001,A120802,25000,2024100000,人,38000
0000010101,00001,A120802,26000,2024100000,人,65000
0000010101,00001,A120802,27000,2024100000,人,245000
0000010101,00001,A120802,28000,2024100000,人,139000
0000010101,00001,A120802,29000,2024100000,人,32000
0000010101,00001,A120802,30000,2024100000,人,22000
0000010101,00001,A120802,31000,2024100000,人,14000
0000010101,00001,A120802,32000,2024100000,人,16000
0000010101,00001,A120802,33000,2024100000,人,48000
0000010101,00001,A120802,34000,2024100000,人,71000
0000010101,00001,A120802,35000,2024100000,人,30000
0000010101,00001,A120802,36000,2024100000,人,17000
0000010101,00001,A120802,37000,2024100000,人,23000
0000010101,00001,A120802,38000,2024100000,人,32000
0000010101,00001,A120802,39000,2024100000,人,15000
0000010101,00001,A120802,40000,2024100000,人,146000
0000010101,00001,A120802,41000,2024100000,人,21000
0000010101,00001,A120802,42000,2024100000,人,31000
0000010101,00001,A120802,43000,2024100000,人,45000
0000010101,00001,A120802,44000,2024100000,人,27000
0000010101,00001,A120802,45000,2024100000,人,27000
0000010101,00001,A120802,46000,2024100000,人,40000
0000010101,00001,A120802,47000,2024100000,人,45000
0000010101,00001,A1209,00000,2024100000,人,7631000
0000010101,00001,A1209,01000,2024100000,人,298000
0000010101,00001,A1209,02000,2024100000,人,67000
0000010101,00001,A1209,03000,2024100000,人,67000
0000010101,00001,A1209,04000,2024100000,人,145000
0000010101,00001,A1209,05000,2024100000,人,51000
0000010101,00001,A1209,06000,2024100000,人,60000
0000010101,00001,A1209,07000,2024100000,人,104000
0000010101,00001,A1209,08000,2024100000,人,173000
0000010101,00001,A1209,09000,2024100000,人,119000
0000010101,00001,A1209,10000,2024100000,人,112000
0000010101,00001,A1209,11000,2024100000,人,461000
0000010101,00001,A1209,12000,2024100000,人,393000
0000010101,00001,A1209,13000,2024100000,人,994000
0000010101,00001,A1209,14000,2024100000,人,588000
0000010101,00001,A1209,15000,2024100000,人,124000
0000010101,00001,A1209,16000,2024100000,人,56000
0000010101,00001,A1209,17000,2024100000,人,63000
0000010101,00001,A1209,18000,2024100000,人,43000
0000010101,00001,A1209,19000,2024100000,人,44000
0000010101,00001,A1209,20000,2024100000,人,114000
0000010101,00001,A1209,21000,2024100000,人,110000
0000010101,00001,A1209,22000,2024100000,人,212000
0000010101,00001,A1209,23000,2024100000,人,475000
0000010101,00001,A1209,24000,2024100000,人,100000
0000010101,00001,A1209,25000,2024100000,人,88000
0000010101,00001,A1209,26000,2024100000,人,145000
0000010101,00001,A1209,27000,2024100000,人,523000
0000010101,00001,A1209,28000,2024100000,人,315000
0000010101,00001,A1209,29000,2024100000,人,72000
0000010101,00001,A1209,30000,2024100000,人,49000
0000010101,00001,A1209,31000,2024100000,人,32000
0000010101,00001,A1209,32000,2024100000,人,36000
0000010101,00001,A1209,33000,2024100000,人,106000
0000010101,00001,A1209,34000,2024100000,人,162000
0000010101,00001,A1209,35000,2024100000,人,71000
0000010101,00001,A1209,36000,2024100000,人,40000
0000010101,00001,A1209,37000,2024100000,人,54000
0000010101,00001,A1209,38000,2024100000,人,73000
0000010101,00001,A1209,39000,2024100000,人,36000
0000010101,00001,A1209,40000,2024100000,人,325000
0000010101,00001,A1209,41000,2024100000,人,47000
0000010101,00001,A1209,42000,2024100000,人,70000
0000010101,00001,A1209,43000,2024100000,人,101000
0000010101,00001,A1209,44000,2024100000,人,63000
0000010101,00001,A1209,45000,2024100000,人,61000
0000010101,00001,A1209,46000,2024100000,人,91000
0000010101,00001,A1209,47000,2024100000,人,96000
0000010101,00001,A120901,00000,2024100000,人,3871000
0000010101,00001,A120901,01000,2024100000,人,148000
0000010101,00001,A120901,02000,2024100000,人,34000
0000010101,00001,A120901,03000,2024100000,人,34000
0000010101,00001,A120901,04000,2024100000,人,73000
0000010101,00001,A120901,05000,2024100000,人,26000
0000010101,00001,A120901,06000,2024100000,人,31000
0000010101,00001,A120901,07000,2024100000,人,54000
0000010101,00001,A120901,08000,2024100000,人,90000
0000010101,00001,A120901,09000,2024100000,人,62000
0000010101,00001,A120901,10000,2024100000,人,58000
0000010101,00001,A120901,11000,2024100000,人,238000
0000010101,00001,A120901,12000,2024100000,人,203000
0000010101,00001,A120901,13000,2024100000,人,506000
0000010101,00001,A120901,14000,2024100000,人,302000
0000010101,00001,A120901,15000,2024100000,人,63000
0000010101,00001,A120901,16000,2024100000,人,29000
0000010101,00001,A120901,17000,2024100000,人,32000
0000010101,00001,A120901,18000,2024100000,人,22000
0000010101,00001,A120901,19000,2024100000,人,23000
0000010101,00001,A120901,20000,2024100000,人,58000
0000010101,00001,A120901,21000,2024100000,人,56000
0000010101,00001,A120901,22000,2024100000,人,109000
0000010101,00001,A120901,23000,2024100000,人,248000
0000010101,00001,A120901,24000,2024100000,人,51000
0000010101,00001,A120901,25000,2024100000,人,45000
0000010101,00001,A120901,26000,2024100000,人,71000
0000010101,00001,A120901,27000,2024100000,人,259000
0000010101,00001,A120901,28000,2024100000,人,155000
0000010101,00001,A120901,29000,2024100000,人,35000
0000010101,00001,A120901,30000,2024100000,人,24000
0000010101,00001,A120901,31000,2024100000,人,16000
0000010101,00001,A120901,32000,2024100000,人,19000
0000010101,00001,A120901,33000,2024100000,人,53000
0000010101,00001,A120901,34000,2024100000,人,82000
0000010101,00001,A120901,35000,2024100000,人,36000
0000010101,00001,A120901,36000,2024100000,人,20000
0000010101,00001,A120901,37000,2024100000,人,27000
0000010101,00001,A120901,38000,2024100000,人,37000
0000010101,00001,A120901,39000,2024100000,人,18000
0000010101,00001,A120901,40000,2024100000,人,160000
0000010101,00001,A120901,41000,2024100000,人,24000
0000010101,00001,A120901,42000,2024100000,人,35000
0000010101,00001,A120901,43000,2024100000,人,50000
0000010101,00001,A120901,44000,2024100000,人,32000
0000010101,00001,A120901,45000,2024100000,人,30000
0000010101,00001,A120901,46000,2024100000,人,44000
0000010101,00001,A120901,47000,2024100000,人,48000
0000010101,00001,A120902,00000,2024100000,人,3760000
0000010101,00001,A120902,01000,2024100000,人,150000
0000010101,00001,A120902,02000,2024100000,人,33000
0000010101,00001,A120902,03000,2024100000,人,33000
0000010101,00001,A120902,04000,2024100000,人,72000
0000010101,00001,A120902,05000,2024100000,人,25000
0000010101,00001,A120902,06000,2024100000,人,29000
0000010101,00001,A120902,07000,2024100000,人,50000
0000010101,00001,A120902,08000,2024100000,人,83000
0000010101,00001,A120902,09000,2024100000,人,56000
0000010101,00001,A120902,10000,2024100000,人,54000
0000010101,00001,A120902,11000,2024100000,人,223000
0000010101,00001,A120902,12000,2024100000,人,190000
0000010101,00001,A120902,13000,2024100000,人,488000
0000010101,00001,A120902,14000,2024100000,人,286000
0000010101,00001,A120902,15000,2024100000,人,61000
0000010101,00001,A120902,16000,2024100000,人,27000
0000010101,00001,A120902,17000,2024100000,人,31000
0000010101,00001,A120902,18000,2024100000,人,21000
0000010101,00001,A120902,19000,2024100000,人,21000
0000010101,00001,A120902,20000,2024100000,人,56000
0000010101,00001,A120902,21000,2024100000,人,54000
0000010101,00001,A120902,22000,2024100000,人,103000
0000010101,00001,A120902,23000,2024100000,人,227000
0000010101,00001,A120902,24000,2024100000,人,49000
0000010101,00001,A120902,25000,2024100000,人,43000
0000010101,00001,A120902,26000,2024100000,人,74000
0000010101,00001,A120902,27000,2024100000,人,264000
0000010101,00001,A120902,28000,2024100000,人,160000
0000010101,00001,A120902,29000,2024100000,人,37000
0000010101,00001,A120902,30000,2024100000,人,25000
0000010101,00001,A120902,31000,2024100000,人,16000
0000010101,00001,A120902,32000,2024100000,人,18000
0000010101,00001,A120902,33000,2024100000,人,53000
0000010101,00001,A120902,34000,2024100000,人,80000
0000010101,00001,A120902,35000,2024100000,人,35000
0000010101,00001,A120902,36000,2024100000,人,19000
0000010101,00001,A120902,37000,2024100000,人,27000
0000010101,00001,A120902,38000,2024100000,人,37000
0000010101,00001,A120902,39000,2024100000,人,18000
0000010101,00001,A120902,40000,2024100000,人,164000
0000010101,00001,A120902,41000,2024100000,人,24000
0000010101,00001,A120902,42000,2024100000,人,36000
0000010101,00001,A120902,43000,2024100000,人,51000
0000010101,00001,A120902,44000,2024100000,人,31000
0000010101,00001,A120902,45000,2024100000,人,31000
0000010101,00001,A120902,46000,2024100000,人,47000
0000010101,00001,A120902,47000,2024100000,人,48000
0000010101,00001,A1210,00000,2024100000,人,8745000
0000010101,00001,A1210,01000,2024100000,人,353000
0000010101,00001,A1210,02000,2024100000,人,79000
0000010101,00001,A1210,03000,2024100000,人,78000
0000010101,00001,A1210,04000,2024100000,人,162000
0000010101,00001,A1210,05000,2024100000,人,60000
0000010101,00001,A1210,06000,2024100000,人,68000
0000010101,00001,A1210,07000,2024100000,人,118000
0000010101,00001,A1210,08000,2024100000,人,198000
0000010101,00001,A1210,09000,2024100000,人,136000
0000010101,00001,A1210,10000,2024100000,人,133000
0000010101,00001,A1210,11000,2024100000,人,533000
0000010101,00001,A1210,12000,2024100000,人,450000
0000010101,00001,A1210,13000,2024100000,人,1071000
0000010101,00001,A1210,14000,2024100000,人,678000
0000010101,00001,A1210,15000,2024100000,人,146000
0000010101,00001,A1210,16000,2024100000,人,70000
0000010101,00001,A1210,17000,2024100000,人,78000
0000010101,00001,A1210,18000,2024100000,人,50000
0000010101,00001,A1210,19000,2024100000,人,52000
0000010101,00001,A1210,20000,2024100000,人,139000
0000010101,00001,A1210,21000,2024100000,人,132000
0000010101,00001,A1210,22000,2024100000,人,246000
0000010101,00001,A1210,23000,2024100000,人,538000
0000010101,00001,A1210,24000,2024100000,人,118000
0000010101,00001,A1210,25000,2024100000,人,101000
0000010101,00001,A1210,26000,2024100000,人,174000
0000010101,00001,A1210,27000,2024100000,人,610000
0000010101,00001,A1210,28000,2024100000,人,372000
0000010101,00001,A1210,29000,2024100000,人,85000
0000010101,00001,A1210,30000,2024100000,人,57000
0000010101,00001,A1210,31000,2024100000,人,36000
0000010101,00001,A1210,32000,2024100000,人,42000
0000010101,00001,A1210,33000,2024100000,人,125000
0000010101,00001,A1210,34000,2024100000,人,190000
0000010101,00001,A1210,35000,2024100000,人,85000
0000010101,00001,A1210,36000,2024100000,人,46000
0000010101,00001,A1210,37000,2024100000,人,65000
0000010101,00001,A1210,38000,2024100000,人,87000
0000010101,00001,A1210,39000,2024100000,人,45000
0000010101,00001,A1210,40000,2024100000,人,357000
0000010101,00001,A1210,41000,2024100000,人,52000
0000010101,00001,A1210,42000,2024100000,人,80000
0000010101,00001,A1210,43000,2024100000,人,110000
0000010101,00001,A1210,44000,2024100000,人,73000
0000010101,00001,A1210,45000,2024100000,人,69000
0000010101,00001,A1210,46000,2024100000,人,97000
0000010101,00001,A1210,47000,2024100000,人,102000
0000010101,00001,A121001,00000,2024100000,人,4432000
0000010101,00001,A121001,01000,2024100000,人,175000
0000010101,00001,A121001,02000,2024100000,人,40000
0000010101,00001,A121001,03000,2024100000,人,40000
0000010101,00001,A121001,04000,2024100000,人,82000
0000010101,00001,A121001,05000,2024100000,人,31000
0000010101,00001,A121001,06000,2024100000,人,35000
0000010101,00001,A121001,07000,2024100000,人,62000
0000010101,00001,A121001,08000,2024100000,人,103000
0000010101,00001,A121001,09000,2024100000,人,71000
0000010101,00001,A121001,10000,2024100000,人,69000
0000010101,00001,A121001,11000,2024100000,人,277000
0000010101,00001,A121001,12000,2024100000,人,233000
0000010101,00001,A121001,13000,2024100000,人,544000
0000010101,00001,A121001,14000,2024100000,人,348000
0000010101,00001,A121001,15000,2024100000,人,75000
0000010101,00001,A121001,16000,2024100000,人,36000
0000010101,00001,A121001,17000,2024100000,人,40000
0000010101,00001,A121001,18000,2024100000,人,26000
0000010101,00001,A121001,19000,2024100000,人,27000
0000010101,00001,A121001,20000,2024100000,人,71000
0000010101,00001,A121001,21000,2024100000,人,67000
0000010101,00001,A121001,22000,2024100000,人,127000
0000010101,00001,A121001,23000,2024100000,人,278000
0000010101,00001,A121001,24000,2024100000,人,61000
0000010101,00001,A121001,25000,2024100000,人,51000
0000010101,00001,A121001,26000,2024100000,人,86000
0000010101,00001,A121001,27000,2024100000,人,300000
0000010101,00001,A121001,28000,2024100000,人,182000
0000010101,00001,A121001,29000,2024100000,人,41000
0000010101,00001,A121001,30000,2024100000,人,29000
0000010101,00001,A121001,31000,2024100000,人,18000
0000010101,00001,A121001,32000,2024100000,人,22000
0000010101,00001,A121001,33000,2024100000,人,63000
0000010101,00001,A121001,34000,2024100000,人,96000
0000010101,00001,A121001,35000,2024100000,人,43000
0000010101,00001,A121001,36000,2024100000,人,23000
0000010101,00001,A121001,37000,2024100000,人,33000
0000010101,00001,A121001,38000,2024100000,人,43000
0000010101,00001,A121001,39000,2024100000,人,23000
0000010101,00001,A121001,40000,2024100000,人,176000
0000010101,00001,A121001,41000,2024100000,人,26000
0000010101,00001,A121001,42000,2024100000,人,39000
0000010101,00001,A121001,43000,2024100000,人,55000
0000010101,00001,A121001,44000,2024100000,人,37000
0000010101,00001,A121001,45000,2024100000,人,34000
0000010101,00001,A121001,46000,2024100000,人,47000
0000010101,00001,A121001,47000,2024100000,人,51000
0000010101,00001,A121002,00000,2024100000,人,4313000
0000010101,00001,A121002,01000,2024100000,人,178000
0000010101,00001,A121002,02000,2024100000,人,39000
0000010101,00001,A121002,03000,2024100000,人,38000
0000010101,00001,A121002,04000,2024100000,人,80000
0000010101,00001,A121002,05000,2024100000,人,29000
0000010101,00001,A121002,06000,2024100000,人,33000
0000010101,00001,A121002,07000,2024100000,人,56000
0000010101,00001,A121002,08000,2024100000,人,95000
0000010101,00001,A121002,09000,2024100000,人,65000
0000010101,00001,A121002,10000,2024100000,人,64000
0000010101,00001,A121002,11000,2024100000,人,256000
0000010101,00001,A121002,12000,2024100000,人,218000
0000010101,00001,A121002,13000,2024100000,人,527000
0000010101,00001,A121002,14000,2024100000,人,330000
0000010101,00001,A121002,15000,2024100000,人,71000
0000010101,00001,A121002,16000,2024100000,人,34000
0000010101,00001,A121002,17000,2024100000,人,38000
0000010101,00001,A121002,18000,2024100000,人,24000
0000010101,00001,A121002,19000,2024100000,人,25000
0000010101,00001,A121002,20000,2024100000,人,68000
0000010101,00001,A121002,21000,2024100000,人,64000
0000010101,00001,A121002,22000,2024100000,人,119000
0000010101,00001,A121002,23000,2024100000,人,261000
0000010101,00001,A121002,24000,2024100000,人,58000
0000010101,00001,A121002,25000,2024100000,人,50000
0000010101,00001,A121002,26000,2024100000,人,88000
0000010101,00001,A121002,27000,2024100000,人,310000
0000010101,00001,A121002,28000,2024100000,人,190000
0000010101,00001,A121002,29000,2024100000,人,44000
0000010101,00001,A121002,30000,2024100000,人,29000
0000010101,00001,A121002,31000,2024100000,人,18000
0000010101,00001,A121002,32000,2024100000,人,20000
0000010101,00001,A121002,33000,2024100000,人,62000
0000010101,00001,A121002,34000,2024100000,人,94000
0000010101,00001,A121002,35000,2024100000,人,42000
0000010101,00001,A121002,36000,2024100000,人,23000
0000010101,00001,A121002,37000,2024100000,人,32000
0000010101,00001,A121002,38000,2024100000,人,43000
0000010101,00001,A121002,39000,2024100000,人,22000
0000010101,00001,A121002,40000,2024100000,人,182000
0000010101,00001,A121002,41000,2024100000,人,26000
0000010101,00001,A121002,42000,2024100000,人,40000
0000010101,00001,A121002,43000,2024100000,人,55000
0000010101,00001,A121002,44000,2024100000,人,36000
0000010101,00001,A121002,45000,2024100000,人,35000
0000010101,00001,A121002,46000,2024100000,人,50000
0000010101,00001,A121002,47000,2024100000,人,51000
0000010101,00001,A1211,00000,2024100000,人,9788000
0000010101,00001,A1211,01000,2024100000,人,386000
0000010101,00001,A1211,02000,2024100000,人,86000
0000010101,00001,A1211,03000,2024100000,人,81000
0000010101,00001,A1211,04000,2024100000,人,168000
0000010101,00001,A1211,05000,2024100000,人,62000
0000010101,00001,A1211,06000,2024100000,人,69000
0000010101,00001,A1211,07000,2024100000,人,125000
0000010101,00001,A1211,08000,2024100000,人,221000
0000010101,00001,A1211,09000,2024100000,人,148000
0000010101,00001,A1211,10000,2024100000,人,151000
0000010101,00001,A1211,11000,2024100000,人,617000
0000010101,00001,A1211,12000,2024100000,人,520000
0000010101,00001,A1211,13000,2024100000,人,1169000
0000010101,00001,A1211,14000,2024100000,人,792000
0000010101,00001,A1211,15000,2024100000,人,154000
0000010101,00001,A1211,16000,2024100000,人,81000
0000010101,00001,A1211,17000,2024100000,人,88000
0000010101,00001,A1211,18000,2024100000,人,55000
0000010101,00001,A1211,19000,2024100000,人,60000
0000010101,00001,A1211,20000,2024100000,人,154000
0000010101,00001,A1211,21000,2024100000,人,150000
0000010101,00001,A1211,22000,2024100000,人,279000
0000010101,00001,A1211,23000,2024100000,人,615000
0000010101,00001,A1211,24000,2024100000,人,136000
0000010101,00001,A1211,25000,2024100000,人,110000
0000010101,00001,A1211,26000,2024100000,人,201000
0000010101,00001,A1211,27000,2024100000,人,733000
0000010101,00001,A1211,28000,2024100000,人,434000
0000010101,00001,A1211,29000,2024100000,人,101000
0000010101,00001,A1211,30000,2024100000,人,68000
0000010101,00001,A1211,31000,2024100000,人,37000
0000010101,00001,A1211,32000,2024100000,人,44000
0000010101,00001,A1211,33000,2024100000,人,139000
0000010101,00001,A1211,34000,2024100000,人,216000
0000010101,00001,A1211,35000,2024100000,人,96000
0000010101,00001,A1211,36000,2024100000,人,50000
0000010101,00001,A1211,37000,2024100000,人,71000
0000010101,00001,A1211,38000,2024100000,人,96000
0000010101,00001,A1211,39000,2024100000,人,49000
0000010101,00001,A1211,40000,2024100000,人,376000
0000010101,00001,A1211,41000,2024100000,人,53000
0000010101,00001,A1211,42000,2024100000,人,86000
0000010101,00001,A1211,43000,2024100000,人,112000
0000010101,00001,A1211,44000,2024100000,人,76000
0000010101,00001,A1211,45000,2024100000,人,70000
0000010101,00001,A1211,46000,2024100000,人,99000
0000010101,00001,A1211,47000,2024100000,人,106000
0000010101,00001,A121101,00000,2024100000,人,4943000
0000010101,00001,A121101,01000,2024100000,人,190000
0000010101,00001,A121101,02000,2024100000,人,43000
0000010101,00001,A121101,03000,2024100000,人,42000
0000010101,00001,A121101,04000,2024100000,人,86000
0000010101,00001,A121101,05000,2024100000,人,31000
0000010101,00001,A121101,06000,2024100000,人,35000
0000010101,00001,A121101,07000,2024100000,人,65000
0000010101,00001,A121101,08000,2024100000,人,115000
0000010101,00001,A121101,09000,2024100000,人,77000
0000010101,00001,A121101,10000,2024100000,人,77000
0000010101,00001,A121101,11000,2024100000,人,319000
0000010101,00001,A121101,12000,2024100000,人,268000
0000010101,00001,A121101,13000,2024100000,人,589000
0000010101,00001,A121101,14000,2024100000,人,404000
0000010101,00001,A121101,15000,2024100000,人,79000
0000010101,00001,A121101,16000,2024100000,人,42000
0000010101,00001,A121101,17000,2024100000,人,44000
0000010101,00001,A121101,18000,2024100000,人,28000
0000010101,00001,A121101,19000,2024100000,人,31000
0000010101,00001,A121101,20000,2024100000,人,79000
0000010101,00001,A121101,21000,2024100000,人,76000
0000010101,00001,A121101,22000,2024100000,人,143000
0000010101,00001,A121101,23000,2024100000,人,317000
0000010101,00001,A121101,24000,2024100000,人,69000
0000010101,00001,A121101,25000,2024100000,人,56000
0000010101,00001,A121101,26000,2024100000,人,99000
0000010101,00001,A121101,27000,2024100000,人,362000
0000010101,00001,A121101,28000,2024100000,人,212000
0000010101,00001,A121101,29000,2024100000,人,49000
0000010101,00001,A121101,30000,2024100000,人,33000
0000010101,00001,A121101,31000,2024100000,人,19000
0000010101,00001,A121101,32000,2024100000,人,23000
0000010101,00001,A121101,33000,2024100000,人,70000
0000010101,00001,A121101,34000,2024100000,人,109000
0000010101,00001,A121101,35000,2024100000,人,48000
0000010101,00001,A121101,36000,2024100000,人,25000
0000010101,00001,A121101,37000,2024100000,人,36000
0000010101,00001,A121101,38000,2024100000,人,48000
0000010101,00001,A121101,39000,2024100000,人,24000
0000010101,00001,A121101,40000,2024100000,人,185000
0000010101,00001,A121101,41000,2024100000,人,26000
0000010101,00001,A121101,42000,2024100000,人,42000
0000010101,00001,A121101,43000,2024100000,人,55000
0000010101,00001,A121101,44000,2024100000,人,38000
0000010101,00001,A121101,45000,2024100000,人,34000
0000010101,00001,A121101,46000,2024100000,人,48000
0000010101,00001,A121101,47000,2024100000,人,53000
0000010101,00001,A121102,00000,2024100000,人,4845000
0000010101,00001,A121102,01000,2024100000,人,196000
0000010101,00001,A121102,02000,2024100000,人,43000
0000010101,00001,A121102,03000,2024100000,人,39000
0000010101,00001,A121102,04000,2024100000,人,83000
0000010101,00001,A121102,05000,2024100000,人,31000
0000010101,00001,A121102,06000,2024100000,人,34000
0000010101,00001,A121102,07000,2024100000,人,60000
0000010101,00001,A121102,08000,2024100000,人,106000
0000010101,00001,A121102,09000,2024100000,人,71000
0000010101,00001,A121102,10000,2024100000,人,73000
0000010101,00001,A121102,11000,2024100000,人,297000
0000010101,00001,A121102,12000,2024100000,人,252000
0000010101,00001,A121102,13000,2024100000,人,581000
0000010101,00001,A121102,14000,2024100000,人,387000
0000010101,00001,A121102,15000,2024100000,人,75000
0000010101,00001,A121102,16000,2024100000,人,39000
0000010101,00001,A121102,17000,2024100000,人,43000
0000010101,00001,A121102,18000,2024100000,人,27000
0000010101,00001,A121102,19000,2024100000,人,29000
0000010101,00001,A121102,20000,2024100000,人,75000
0000010101,00001,A121102,21000,2024100000,人,74000
0000010101,00001,A121102,22000,2024100000,人,136000
0000010101,00001,A121102,23000,2024100000,人,298000
0000010101,00001,A121102,24000,2024100000,人,67000
0000010101,00001,A121102,25000,2024100000,人,54000
0000010101,00001,A121102,26000,2024100000,人,102000
0000010101,00001,A121102,27000,2024100000,人,370000
0000010101,00001,A121102,28000,2024100000,人,222000
0000010101,00001,A121102,29000,2024100000,人,53000
0000010101,00001,A121102,30000,2024100000,人,34000
0000010101,00001,A121102,31000,2024100000,人,19000
0000010101,00001,A121102,32000,2024100000,人,22000
0000010101,00001,A121102,33000,2024100000,人,69000
0000010101,00001,A121102,34000,2024100000,人,107000
0000010101,00001,A121102,35000,2024100000,人,48000
0000010101,00001,A121102,36000,2024100000,人,25000
0000010101,00001,A121102,37000,2024100000,人,35000
0000010101,00001,A121102,38000,2024100000,人,48000
0000010101,00001,A121102,39000,2024100000,人,25000
0000010101,00001,A121102,40000,2024100000,人,191000
0000010101,00001,A121102,41000,2024100000,人,27000
0000010101,00001,A121102,42000,2024100000,人,44000
0000010101,00001,A121102,43000,2024100000,人,57000
0000010101,00001,A121102,44000,2024100000,人,38000
0000010101,00001,A121102,45000,2024100000,人,35000
0000010101,00001,A121102,46000,2024100000,人,51000
0000010101,00001,A121102,47000,2024100000,人,52000
0000010101,00001,A1212,00000,2024100000,人,8490000
0000010101,00001,A1212,01000,2024100000,人,344000
0000010101,00001,A1212,02000,2024100000,人,82000
0000010101,00001,A1212,03000,2024100000,人,77000
0000010101,00001,A1212,04000,2024100000,人,145000
0000010101,00001,A1212,05000,2024100000,人,58000
0000010101,00001,A1212,06000,2024100000,人,64000
0000010101,00001,A1212,07000,2024100000,人,115000
0000010101,00001,A1212,08000,2024100000,人,189000
0000010101,00001,A1212,09000,2024100000,人,127000
0000010101,00001,A1212,10000,2024100000,人,129000
0000010101,00001,A1212,11000,2024100000,人,521000
0000010101,00001,A1212,12000,2024100000,人,440000
0000010101,00001,A1212,13000,2024100000,人,1018000
0000010101,00001,A1212,14000,2024100000,人,700000
0000010101,00001,A1212,15000,2024100000,人,141000
0000010101,00001,A1212,16000,2024100000,人,66000
0000010101,00001,A1212,17000,2024100000,人,72000
0000010101,00001,A1212,18000,2024100000,人,48000
0000010101,00001,A1212,19000,2024100000,人,56000
0000010101,00001,A1212,20000,2024100000,人,136000
0000010101,00001,A1212,21000,2024100000,人,130000
0000010101,00001,A1212,22000,2024100000,人,245000
0000010101,00001,A1212,23000,2024100000,人,518000
0000010101,00001,A1212,24000,2024100000,人,118000
0000010101,00001,A1212,25000,2024100000,人,91000
0000010101,00001,A1212,26000,2024100000,人,171000
0000010101,00001,A1212,27000,2024100000,人,626000
0000010101,00001,A1212,28000,2024100000,人,376000
0000010101,00001,A1212,29000,2024100000,人,90000
0000010101,00001,A1212,30000,2024100000,人,61000
0000010101,00001,A1212,31000,2024100000,人,32000
0000010101,00001,A1212,32000,2024100000,人,38000
0000010101,00001,A1212,33000,2024100000,人,114000
0000010101,00001,A1212,34000,2024100000,人,178000
0000010101,00001,A1212,35000,2024100000,人,81000
0000010101,00001,A1212,36000,2024100000,人,44000
0000010101,00001,A1212,37000,2024100000,人,58000
0000010101,00001,A1212,38000,2024100000,人,83000
0000010101,00001,A1212,39000,2024100000,人,41000
0000010101,00001,A1212,40000,2024100000,人,317000
0000010101,00001,A1212,41000,2024100000,人,48000
0000010101,00001,A1212,42000,2024100000,人,81000
0000010101,00001,A1212,43000,2024100000,人,104000
0000010101,00001,A1212,44000,2024100000,人,67000
0000010101,00001,A1212,45000,2024100000,人,62000
0000010101,00001,A1212,46000,2024100000,人,94000
0000010101,00001,A1212,47000,2024100000,人,91000
0000010101,00001,A121201,00000,2024100000,人,4251000
0000010101,00001,A121201,01000,2024100000,人,165000
0000010101,00001,A121201,02000,2024100000,人,40000
0000010101,00001,A121201,03000,2024100000,人,38000
0000010101,00001,A121201,04000,2024100000,人,73000
0000010101,00001,A121201,05000,2024100000,人,29000
0000010101,00001,A121201,06000,2024100000,人,32000
0000010101,00001,A121201,07000,2024100000,人,59000
0000010101,00001,A121201,08000,2024100000,人,97000
0000010101,00001,A121201,09000,2024100000,人,65000
0000010101,00001,A121201,10000,2024100000,人,66000
0000010101,00001,A121201,11000,2024100000,人,267000
0000010101,00001,A121201,12000,2024100000,人,226000
0000010101,00001,A121201,13000,2024100000,人,522000
0000010101,00001,A121201,14000,2024100000,人,362000
0000010101,00001,A121201,15000,2024100000,人,71000
0000010101,00001,A121201,16000,2024100000,人,33000
0000010101,00001,A121201,17000,2024100000,人,36000
0000010101,00001,A121201,18000,2024100000,人,24000
0000010101,00001,A121201,19000,2024100000,人,29000
0000010101,00001,A121201,20000,2024100000,人,69000
0000010101,00001,A121201,21000,2024100000,人,64000
0000010101,00001,A121201,22000,2024100000,人,125000
0000010101,00001,A121201,23000,2024100000,人,267000
0000010101,00001,A121201,24000,2024100000,人,59000
0000010101,00001,A121201,25000,2024100000,人,46000
0000010101,00001,A121201,26000,2024100000,人,83000
0000010101,00001,A121201,27000,2024100000,人,309000
0000010101,00001,A121201,28000,2024100000,人,182000
0000010101,00001,A121201,29000,2024100000,人,42000
0000010101,00001,A121201,30000,2024100000,人,29000
0000010101,00001,A121201,31000,2024100000,人,16000
0000010101,00001,A121201,32000,2024100000,人,19000
0000010101,00001,A121201,33000,2024100000,人,56000
0000010101,00001,A121201,34000,2024100000,人,88000
0000010101,00001,A121201,35000,2024100000,人,39000
0000010101,00001,A121201,36000,2024100000,人,21000
0000010101,00001,A121201,37000,2024100000,人,29000
0000010101,00001,A121201,38000,2024100000,人,40000
0000010101,00001,A121201,39000,2024100000,人,20000
0000010101,00001,A121201,40000,2024100000,人,152000
0000010101,00001,A121201,41000,2024100000,人,23000
0000010101,00001,A121201,42000,2024100000,人,38000
0000010101,00001,A121201,43000,2024100000,人,49000
0000010101,00001,A121201,44000,2024100000,人,32000
0000010101,00001,A121201,45000,2024100000,人,30000
0000010101,00001,A121201,46000,2024100000,人,45000
0000010101,00001,A121201,47000,2024100000,人,45000
0000010101,00001,A121202,00000,2024100000,人,4239000
0000010101,00001,A121202,01000,2024100000,人,179000
0000010101,00001,A121202,02000,2024100000,人,42000
0000010101,00001,A121202,03000,2024100000,人,38000
0000010101,00001,A121202,04000,2024100000,人,72000
0000010101,00001,A121202,05000,2024100000,人,30000
0000010101,00001,A121202,06000,2024100000,人,32000
0000010101,00001,A121202,07000,2024100000,人,56000
0000010101,00001,A121202,08000,2024100000,人,92000
0000010101,00001,A121202,09000,2024100000,人,62000
0000010101,00001,A121202,10000,2024100000,人,64000
0000010101,00001,A121202,11000,2024100000,人,254000
0000010101,00001,A121202,12000,2024100000,人,214000
0000010101,00001,A121202,13000,2024100000,人,497000
0000010101,00001,A121202,14000,2024100000,人,338000
0000010101,00001,A121202,15000,2024100000,人,70000
0000010101,00001,A121202,16000,2024100000,人,33000
0000010101,00001,A121202,17000,2024100000,人,36000
0000010101,00001,A121202,18000,2024100000,人,24000
0000010101,00001,A121202,19000,2024100000,人,28000
0000010101,00001,A121202,20000,2024100000,人,68000
0000010101,00001,A121202,21000,2024100000,人,66000
0000010101,00001,A121202,22000,2024100000,人,121000
0000010101,00001,A121202,23000,2024100000,人,251000
0000010101,00001,A121202,24000,2024100000,人,59000
0000010101,00001,A121202,25000,2024100000,人,46000
0000010101,00001,A121202,26000,2024100000,人,88000
0000010101,00001,A121202,27000,2024100000,人,317000
0000010101,00001,A121202,28000,2024100000,人,194000
0000010101,00001,A121202,29000,2024100000,人,47000
0000010101,00001,A121202,30000,2024100000,人,32000
0000010101,00001,A121202,31000,2024100000,人,16000
